Gene Set Name,Gene Set Description,Gene Symbol,Gene Description
stromal cell of ovary - marker genes,CellGuide's computational marker genes for 'stromal cell of ovary' in uterus tissue,COL3A1,"Id: ENSG00000168542, Name: collagen type III alpha 1 chain"
,,COL1A1,"Id: ENSG00000108821, Name: collagen type I alpha 1 chain"
,,RBP1,"Id: ENSG00000114115, Name: retinol binding protein 1"
,,IGFBP2,"Id: ENSG00000115457, Name: insulin like growth factor binding protein 2"
,,IGF1,"Id: ENSG00000017427, Name: insulin like growth factor 1"
,,PCOLCE,"Id: ENSG00000106333, Name: procollagen C-endopeptidase enhancer"
,,DCN,"Id: ENSG00000011465, Name: decorin"
,,FBLN1,"Id: ENSG00000077942, Name: fibulin 1"
,,LUM,"Id: ENSG00000139329, Name: lumican"
,,PTGDS,"Id: ENSG00000107317, Name: prostaglandin D2 synthase"
,,PPIB,"Id: ENSG00000166794, Name: peptidylprolyl isomerase B"
,,COL1A2,"Id: ENSG00000164692, Name: collagen type I alpha 2 chain"
,,MDK,"Id: ENSG00000110492, Name: midkine"
,,C1R,"Id: ENSG00000159403, Name: complement C1r"
,,APCDD1,"Id: ENSG00000154856, Name: APC down-regulated 1"
,,VCAN,"Id: ENSG00000038427, Name: versican"
,,SPARC,"Id: ENSG00000113140, Name: secreted protein acidic and cysteine rich"
,,APOE,"Id: ENSG00000130203, Name: apolipoprotein E"
,,SERPINF1,"Id: ENSG00000132386, Name: serpin family F member 1"
,,COL6A1,"Id: ENSG00000142156, Name: collagen type VI alpha 1 chain"
,,IGF2,"Id: ENSG00000167244, Name: insulin like growth factor 2"
,,ISLR,"Id: ENSG00000129009, Name: immunoglobulin superfamily containing leucine rich repeat"
,,PTN,"Id: ENSG00000105894, Name: pleiotrophin"
,,KCNQ1OT1,"Id: ENSG00000269821, Name: KCNQ1 opposite strand/antisense transcript 1"
,,PDGFRA,"Id: ENSG00000134853, Name: platelet derived growth factor receptor alpha"
,,RP11-84E17.1,"Id: ENSG00000279483, Name: RP11-84E17.1"
,,NR2F2,"Id: ENSG00000185551, Name: nuclear receptor subfamily 2 group F member 2"
,,NACA,"Id: ENSG00000196531, Name: nascent polypeptide associated complex subunit alpha"
,,RORB,"Id: ENSG00000198963, Name: RAR related orphan receptor B"
,,CFD,"Id: ENSG00000197766, Name: complement factor D"
,,LMO4,"Id: ENSG00000143013, Name: LIM domain only 4"
,,MME,"Id: ENSG00000196549, Name: membrane metalloendopeptidase"
,,C1S,"Id: ENSG00000182326, Name: complement C1s"
,,NAP1L1,"Id: ENSG00000187109, Name: nucleosome assembly protein 1 like 1"
,,MZT2B,"Id: ENSG00000152082, Name: mitotic spindle organizing protein 2B"
,,SFRP4,"Id: ENSG00000106483, Name: secreted frizzled related protein 4"
,,CPXM1,"Id: ENSG00000088882, Name: carboxypeptidase X, M14 family member 1"
,,LRPAP1,"Id: ENSG00000163956, Name: LDL receptor related protein associated protein 1"
,,IGFBP4,"Id: ENSG00000141753, Name: insulin like growth factor binding protein 4"
,,COL6A2,"Id: ENSG00000142173, Name: collagen type VI alpha 2 chain"
,,OSTC,"Id: ENSG00000198856, Name: oligosaccharyltransferase complex non-catalytic subunit"
,,NID1,"Id: ENSG00000116962, Name: nidogen 1"
,,ALDH1A1,"Id: ENSG00000165092, Name: aldehyde dehydrogenase 1 family member A1"
,,REV3L,"Id: ENSG00000009413, Name: REV3 like, DNA directed polymerase zeta catalytic subunit"
,,SSR2,"Id: ENSG00000163479, Name: signal sequence receptor subunit 2"
,,CD248,"Id: ENSG00000174807, Name: CD248 molecule"
,,NPW,"Id: ENSG00000183971, Name: neuropeptide W"
supporting cell - marker genes,CellGuide's computational marker genes for 'supporting cell' in uterus tissue,MFGE8,"Id: ENSG00000140545, Name: milk fat globule EGF and factor V/VIII domain containing"
,,RGS5_ENSG00000143248,"Id: ENSG00000143248, Name: regulator of G protein signaling 5"
,,ADIRF,"Id: ENSG00000148671, Name: adipogenesis regulatory factor"
,,CALD1,"Id: ENSG00000122786, Name: caldesmon 1"
,,PPP1R14A,"Id: ENSG00000167641, Name: protein phosphatase 1 regulatory inhibitor subunit 14A"
,,NOTCH3,"Id: ENSG00000074181, Name: notch receptor 3"
,,FXYD1,"Id: ENSG00000266964, Name: FXYD domain containing ion transport regulator 1"
,,RERGL,"Id: ENSG00000111404, Name: RERG like"
,,PLAC9,"Id: ENSG00000189129, Name: placenta associated 9"
,,CPE,"Id: ENSG00000109472, Name: carboxypeptidase E"
,,IGFBP7,"Id: ENSG00000163453, Name: insulin like growth factor binding protein 7"
,,SOD3,"Id: ENSG00000109610, Name: superoxide dismutase 3"
,,BGN,"Id: ENSG00000182492, Name: biglycan"
,,CAVIN3,"Id: ENSG00000170955, Name: caveolae associated protein 3"
,,IGFBP6,"Id: ENSG00000167779, Name: insulin like growth factor binding protein 6"
,,SEPTIN7,"Id: ENSG00000122545, Name: septin 7"
,,CSRP2,"Id: ENSG00000175183, Name: cysteine and glycine rich protein 2"
,,LGI4,"Id: ENSG00000153902, Name: leucine rich repeat LGI family member 4"
,,TIMP3,"Id: ENSG00000100234, Name: TIMP metallopeptidase inhibitor 3"
,,ZBTB16,"Id: ENSG00000109906, Name: zinc finger and BTB domain containing 16"
,,SORBS2,"Id: ENSG00000154556, Name: sorbin and SH3 domain containing 2"
,,PTP4A3,"Id: ENSG00000184489, Name: protein tyrosine phosphatase 4A3"
,,COL18A1,"Id: ENSG00000182871, Name: collagen type XVIII alpha 1 chain"
,,H2AJ,"Id: ENSG00000246705, Name: H2A.J histone"
epithelial cell - marker genes,CellGuide's computational marker genes for 'epithelial cell' in uterus tissue,CLDN3,"Id: ENSG00000165215, Name: claudin 3"
,,SOX17,"Id: ENSG00000164736, Name: SRY-box transcription factor 17"
,,LINC01541,"Id: ENSG00000260676, Name: long intergenic non-protein coding RNA 1541"
,,GABRP,"Id: ENSG00000094755, Name: gamma-aminobutyric acid type A receptor subunit pi"
,,WFDC2,"Id: ENSG00000101443, Name: WAP four-disulfide core domain 2"
,,MT1F,"Id: ENSG00000198417, Name: metallothionein 1F"
,,RIMKLB,"Id: ENSG00000166532, Name: ribosomal modification protein rimK like family member B"
,,MT1G,"Id: ENSG00000125144, Name: metallothionein 1G"
,,TMEM101,"Id: ENSG00000091947, Name: transmembrane protein 101"
,,ELF3,"Id: ENSG00000163435, Name: E74 like ETS transcription factor 3"
,,DEFB1,"Id: ENSG00000164825, Name: defensin beta 1"
,,PAPSS1,"Id: ENSG00000138801, Name: 3'-phosphoadenosine 5'-phosphosulfate synthase 1"
,,SCGB1D2,"Id: ENSG00000124935, Name: secretoglobin family 1D member 2"
,,MT1H,"Id: ENSG00000205358, Name: metallothionein 1H"
,,ASRGL1,"Id: ENSG00000162174, Name: asparaginase and isoaspartyl peptidase 1"
,,ANXA4,"Id: ENSG00000196975, Name: annexin A4"
,,CD24,"Id: ENSG00000272398, Name: CD24 molecule"
,,GNG11,"Id: ENSG00000127920, Name: G protein subunit gamma 11"
,,SLC26A2,"Id: ENSG00000155850, Name: solute carrier family 26 member 2"
ciliated cell - marker genes,CellGuide's computational marker genes for 'ciliated cell' in uterus tissue,CAPS,"Id: ENSG00000105519, Name: calcyphosine"
,,C20orf85,"Id: ENSG00000124237, Name: chromosome 20 open reading frame 85"
,,RSPH1,"Id: ENSG00000160188, Name: radial spoke head component 1"
,,TPPP3,"Id: ENSG00000159713, Name: tubulin polymerization promoting protein family member 3"
,,C1orf194,"Id: ENSG00000179902, Name: cilia and flagella associated protein 276"
,,HMGN3,"Id: ENSG00000118418, Name: high mobility group nucleosomal binding domain 3"
,,C9orf24,"Id: ENSG00000164972, Name: chromosome 9 open reading frame 24"
,,CRIP1,"Id: ENSG00000213145, Name: cysteine rich protein 1"
,,HOATZ,"Id: ENSG00000183644, Name: HOATZ cilia and flagella associated protein"
,,AGR3,"Id: ENSG00000173467, Name: anterior gradient 3, protein disulphide isomerase family member"
,,CLDN3,"Id: ENSG00000165215, Name: claudin 3"
,,WFDC2,"Id: ENSG00000101443, Name: WAP four-disulfide core domain 2"
,,MORN2,"Id: ENSG00000188010, Name: MORN repeat containing 2"
,,CETN2,"Id: ENSG00000147400, Name: centrin 2"
,,PIFO,"Id: ENSG00000173947, Name: ciliary microtubule associated protein 3"
,,CCDC146,"Id: ENSG00000135205, Name: coiled-coil domain containing 146"
,,SCGB1D2,"Id: ENSG00000124935, Name: secretoglobin family 1D member 2"
,,IK,"Id: ENSG00000113141, Name: IK cytokine"
,,SMIM22,"Id: ENSG00000267795, Name: small integral membrane protein 22"
,,ODF3B,"Id: ENSG00000177989, Name: ciliary microtubule associated protein 1B"
,,FAM183A,"Id: ENSG00000186973, Name: cilia and flagella associated protein 144"
,,LINC01480,"Id: ENSG00000270164, Name: long intergenic non-protein coding RNA 1480"
,,SCGB1D4,"Id: ENSG00000197745, Name: secretoglobin family 1D member 4"
,,OMG,"Id: ENSG00000126861, Name: uncharacterized LOC101927057"
,,AKAP9,"Id: ENSG00000127914, Name: A-kinase anchoring protein 9"
,,C9orf116,"Id: ENSG00000160345, Name: piercer of microtubule wall 1"
,,ASRGL1,"Id: ENSG00000162174, Name: asparaginase and isoaspartyl peptidase 1"
,,CFAP53,"Id: ENSG00000172361, Name: cilia and flagella associated protein 53"
,,ELF3,"Id: ENSG00000163435, Name: E74 like ETS transcription factor 3"
,,C5orf49,"Id: ENSG00000215217, Name: cilia and flagella associated protein 90"
,,TUBB4B,"Id: ENSG00000188229, Name: tubulin beta 4B class IVb"
,,SNTN,"Id: ENSG00000188817, Name: sentan, cilia apical structure protein"
,,CAPSL,"Id: ENSG00000152611, Name: calcyphosine like"
,,SPA17,"Id: ENSG00000064199, Name: sperm autoantigenic protein 17"
,,CKB,"Id: ENSG00000166165, Name: creatine kinase B"
,,TSTD1,"Id: ENSG00000215845, Name: thiosulfate sulfurtransferase like domain containing 1"
,,LRRIQ1,"Id: ENSG00000133640, Name: leucine rich repeats and IQ motif containing 1"
,,KIF9,"Id: ENSG00000088727, Name: kinesin family member 9"
,,CIB1,"Id: ENSG00000185043, Name: calcium and integrin binding 1"
,,H2AC19,"Id: ENSG00000272196, Name: H2AC19"
,,DNAAF1,"Id: ENSG00000154099, Name: dynein axonemal assembly factor 1"
,,H2AC18,"Id: ENSG00000203812, Name: H2AC18"
,,DPY30,"Id: ENSG00000162961, Name: dpy-30 histone methyltransferase complex regulatory subunit"
,,ANAPC4,"Id: ENSG00000053900, Name: anaphase promoting complex subunit 4"
,,DNALI1,"Id: ENSG00000163879, Name: dynein axonemal light intermediate chain 1"
,,MT1G,"Id: ENSG00000125144, Name: metallothionein 1G"
,,POLR2I,"Id: ENSG00000105258, Name: RNA polymerase II subunit I"
,,ROPN1L,"Id: ENSG00000145491, Name: rhophilin associated tail protein 1 like"
,,MS4A8,"Id: ENSG00000166959, Name: membrane spanning 4-domains A8"
,,CD24,"Id: ENSG00000272398, Name: CD24 molecule"
,,RP11-356K23.1,"Id: ENSG00000258752, Name: RP11-356K23.1"
,,RAB11FIP1,"Id: ENSG00000156675, Name: RAB11 family interacting protein 1"
,,ODF2L,"Id: ENSG00000122417, Name: outer dense fiber of sperm tails 2 like"
,,UFC1,"Id: ENSG00000143222, Name: ubiquitin-fold modifier conjugating enzyme 1"
,,CCDC170,"Id: ENSG00000120262, Name: coiled-coil domain containing 170"
,,DYNLRB2,"Id: ENSG00000168589, Name: dynein light chain roadblock-type 2"
,,C4orf48,"Id: ENSG00000243449, Name: chromosome 4 open reading frame 48"
,,CITED4,"Id: ENSG00000179862, Name: Cbp/p300 interacting transactivator with Glu/Asp rich carboxy-terminal domain 4"
,,MNS1,"Id: ENSG00000138587, Name: meiosis specific nuclear structural 1"
,,MT1H,"Id: ENSG00000205358, Name: metallothionein 1H"
,,PSENEN,"Id: ENSG00000205155, Name: presenilin enhancer, gamma-secretase subunit"
,,UBE2D2,"Id: ENSG00000131508, Name: ubiquitin conjugating enzyme E2 D2"
,,STK33,"Id: ENSG00000130413, Name: serine/threonine kinase 33"
,,FOXJ1,"Id: ENSG00000129654, Name: forkhead box J1"
,,CFAP298,"Id: ENSG00000159079, Name: cilia and flagella associated protein 298"
,,CFAP126,"Id: ENSG00000188931, Name: cilia and flagella associated protein 126"
,,MORN5,"Id: ENSG00000185681, Name: MORN repeat containing 5"
,,TMEM190,"Id: ENSG00000160472, Name: transmembrane protein 190"
,,ZMYND10,"Id: ENSG00000004838, Name: zinc finger MYND-type containing 10"
,,GTF2I,"Id: ENSG00000263001, Name: general transcription factor IIi"
,,PPIL6,"Id: ENSG00000185250, Name: peptidylprolyl isomerase like 6"
,,METRN,"Id: ENSG00000103260, Name: meteorin, glial cell differentiation regulator"
,,DYNC2I1,"Id: ENSG00000126870, Name: dynein 2 intermediate chain 1"
,,LRRC23,"Id: ENSG00000010626, Name: leucine rich repeat containing 23"
,,MUC1,"Id: ENSG00000185499, Name: mucin 1, cell surface associated"
,,EFHC1,"Id: ENSG00000096093, Name: EF-hand domain containing 1"
,,C12orf75,"Id: ENSG00000235162, Name: chromosome 12 open reading frame 75"
,,DNAH5,"Id: ENSG00000039139, Name: dynein axonemal heavy chain 5"
,,DYNLT2B,"Id: ENSG00000213123, Name: dynein light chain Tctex-type 2B"
,,RRAD,"Id: ENSG00000166592, Name: RRAD, Ras related glycolysis inhibitor and calcium channel regulator"
,,RHEX,"Id: ENSG00000263961, Name: regulator of hemoglobinization and erythroid cell expansion"
,,HSPB11,"Id: ENSG00000081870, Name: intraflagellar transport 25"
,,NUDC,"Id: ENSG00000090273, Name: nuclear distribution C, dynein complex regulator"
,,DNAH12,"Id: ENSG00000174844, Name: dynein axonemal heavy chain 12"
,,TAX1BP1,"Id: ENSG00000106052, Name: Tax1 binding protein 1"
,,WDR54,"Id: ENSG00000005448, Name: WD repeat domain 54"
,,SHROOM3,"Id: ENSG00000138771, Name: shroom family member 3"
,,SCGB2A1,"Id: ENSG00000124939, Name: secretoglobin family 2A member 1"
,,FAM216B,"Id: ENSG00000179813, Name: family with sequence similarity 216 member B"
,,CYSTM1,"Id: ENSG00000120306, Name: cysteine rich transmembrane module containing 1"
,,SOX17,"Id: ENSG00000164736, Name: SRY-box transcription factor 17"
,,RP11-467J12.4,"Id: ENSG00000277639, Name: CHD9 neighbor"
,,SPAG17,"Id: ENSG00000155761, Name: sperm associated antigen 17"
,,AHCYL1,"Id: ENSG00000168710, Name: adenosylhomocysteinase like 1"
,,ARL3,"Id: ENSG00000138175, Name: ADP ribosylation factor like GTPase 3"
,,C11orf97,"Id: ENSG00000257057, Name: chromosome 11 open reading frame 97"
,,FAM229B,"Id: ENSG00000203778, Name: family with sequence similarity 229 member B"
,,HINT1,"Id: ENSG00000169567, Name: histidine triad nucleotide binding protein 1"
,,ANKRD44-AS1,"Id: ENSG00000231621, Name: ANKRD44 antisense RNA 1"
,,FHAD1,"Id: ENSG00000142621, Name: forkhead associated phosphopeptide binding domain 1"
endothelial cell of uterus - marker genes,CellGuide's computational marker genes for 'endothelial cell of uterus' in uterus tissue,RAMP2,"Id: ENSG00000131477, Name: receptor activity modifying protein 2"
,,GNG11,"Id: ENSG00000127920, Name: G protein subunit gamma 11"
,,CLDN5,"Id: ENSG00000184113, Name: claudin 5"
,,EGFL7,"Id: ENSG00000172889, Name: EGF like domain multiple 7"
,,VWF,"Id: ENSG00000110799, Name: von Willebrand factor"
,,NPDC1,"Id: ENSG00000107281, Name: neural proliferation, differentiation and control 1"
,,FKBP1A,"Id: ENSG00000088832, Name: FKBP prolyl isomerase 1A"
,,PECAM1,"Id: ENSG00000261371, Name: platelet and endothelial cell adhesion molecule 1"
,,ENPP2,"Id: ENSG00000136960, Name: ectonucleotide pyrophosphatase/phosphodiesterase 2"
,,CRIP2,"Id: ENSG00000182809, Name: cysteine rich protein 2"
,,IFITM3,"Id: ENSG00000142089, Name: interferon induced transmembrane protein 3"
,,APP,"Id: ENSG00000142192, Name: amyloid beta precursor protein"
,,VAMP5,"Id: ENSG00000168899, Name: vesicle associated membrane protein 5"
,,A2M,"Id: ENSG00000175899, Name: alpha-2-macroglobulin"
,,CLEC14A,"Id: ENSG00000176435, Name: C-type lectin domain containing 14A"
,,ACKR1,"Id: ENSG00000213088, Name: atypical chemokine receptor 1 (Duffy blood group)"
,,AQP1,"Id: ENSG00000240583, Name: aquaporin 1 (Colton blood group)"
,,HES1,"Id: ENSG00000114315, Name: hes family bHLH transcription factor 1"
,,SOCS3,"Id: ENSG00000184557, Name: suppressor of cytokine signaling 3"
,,ID3,"Id: ENSG00000117318, Name: inhibitor of DNA binding 3"
,,LDB2,"Id: ENSG00000169744, Name: LIM domain binding 2"
,,ECSCR,"Id: ENSG00000249751, Name: endothelial cell surface expressed chemotaxis and apoptosis regulator"
,,HYAL2,"Id: ENSG00000068001, Name: hyaluronidase 2"
,,CAVIN2,"Id: ENSG00000168497, Name: caveolae associated protein 2"
,,SRP14,"Id: ENSG00000140319, Name: signal recognition particle 14"
,,SNHG7,"Id: ENSG00000233016, Name: small nucleolar RNA host gene 7"
,,ID1,"Id: ENSG00000125968, Name: inhibitor of DNA binding 1"
,,MGST2,"Id: ENSG00000085871, Name: microsomal glutathione S-transferase 2"
,,BCAM,"Id: ENSG00000187244, Name: basal cell adhesion molecule (Lutheran blood group)"
,,ENG,"Id: ENSG00000106991, Name: endoglin"
,,CAV1,"Id: ENSG00000105974, Name: caveolin 1"
,,ADGRL4,"Id: ENSG00000162618, Name: adhesion G protein-coupled receptor L4"
,,EMCN,"Id: ENSG00000164035, Name: endomucin"
,,KLF2,"Id: ENSG00000127528, Name: KLF transcription factor 2"
,,CD34,"Id: ENSG00000174059, Name: CD34 molecule"
,,IFITM2,"Id: ENSG00000185201, Name: interferon induced transmembrane protein 2"
,,ITM2B,"Id: ENSG00000136156, Name: integral membrane protein 2B"
,,CCDC85B,"Id: ENSG00000175602, Name: coiled-coil domain containing 85B"
,,SLC9A3R2,"Id: ENSG00000065054, Name: NHERF family PDZ scaffold protein 2"
,,FAM167B,"Id: ENSG00000183615, Name: family with sequence similarity 167 member B"
,,TCF4,"Id: ENSG00000196628, Name: transcription factor 4"
,,LEPR,"Id: ENSG00000116678, Name: leptin receptor"
,,DUSP23,"Id: ENSG00000158716, Name: dual specificity phosphatase 23"
,,IGFBP7,"Id: ENSG00000163453, Name: insulin like growth factor binding protein 7"
,,SPARCL1,"Id: ENSG00000152583, Name: SPARC like 1"
,,SELENOW,"Id: ENSG00000178980, Name: selenoprotein W"
,,ARHGAP29,"Id: ENSG00000137962, Name: Rho GTPase activating protein 29"
,,CCL14,"Id: ENSG00000276409, Name: C-C motif chemokine ligand 14"
,,LCN6,"Id: ENSG00000267206, Name: lipocalin 6"
,,CALCRL,"Id: ENSG00000064989, Name: calcitonin receptor like receptor"
,,DIPK2B,"Id: ENSG00000147113, Name: divergent protein kinase domain 2B"
,,LIFR,"Id: ENSG00000113594, Name: LIF receptor subunit alpha"
,,ESAM,"Id: ENSG00000149564, Name: endothelial cell adhesion molecule"
,,TSPAN7,"Id: ENSG00000156298, Name: tetraspanin 7"
,,PALMD,"Id: ENSG00000099260, Name: palmdelphin"
,,CYYR1,"Id: ENSG00000166265, Name: cysteine and tyrosine rich 1"
,,OSBPL1A,"Id: ENSG00000141447, Name: oxysterol binding protein like 1A"
,,NFIB,"Id: ENSG00000147862, Name: nuclear factor I B"
,,RP11-84E17.1,"Id: ENSG00000279483, Name: RP11-84E17.1"
,,MMRN1,"Id: ENSG00000138722, Name: multimerin 1"
,,TMEM88,"Id: ENSG00000167874, Name: transmembrane protein 88"
,,GSN,"Id: ENSG00000148180, Name: gelsolin"
,,RAMP3,"Id: ENSG00000122679, Name: receptor activity modifying protein 3"
,,SNX3,"Id: ENSG00000112335, Name: sorting nexin 3"
,,PCDH17,"Id: ENSG00000118946, Name: protocadherin 17"
,,GUK1,"Id: ENSG00000143774, Name: guanylate kinase 1"
,,RDX,"Id: ENSG00000137710, Name: radixin"
,,HLA-E,"Id: ENSG00000204592, Name: major histocompatibility complex, class I, E"
,,FAM107A,"Id: ENSG00000168309, Name: family with sequence similarity 107 member A"
,,GIMAP4,"Id: ENSG00000133574, Name: GTPase, IMAP family member 4"
,,GIMAP7,"Id: ENSG00000179144, Name: GTPase, IMAP family member 7"
,,ICAM2,"Id: ENSG00000108622, Name: intercellular adhesion molecule 2"
,,PTPRB,"Id: ENSG00000127329, Name: protein tyrosine phosphatase receptor type B"
,,IGFBP4,"Id: ENSG00000141753, Name: insulin like growth factor binding protein 4"
myeloid cell - marker genes,CellGuide's computational marker genes for 'myeloid cell' in uterus tissue,AIF1,"Id: ENSG00000204472, Name: allograft inflammatory factor 1"
,,FTL,"Id: ENSG00000087086, Name: ferritin light chain"
,,CCL3,"Id: ENSG00000277632, Name: C-C motif chemokine ligand 3"
,,NPC2,"Id: ENSG00000119655, Name: NPC intracellular cholesterol transporter 2"
,,C1QA,"Id: ENSG00000173372, Name: complement C1q A chain"
,,C1QB,"Id: ENSG00000173369, Name: complement C1q B chain"
,,CTSS,"Id: ENSG00000163131, Name: cathepsin S"
,,CD14,"Id: ENSG00000170458, Name: CD14 molecule"
,,TYMP,"Id: ENSG00000025708, Name: thymidine phosphorylase"
,,C1QC,"Id: ENSG00000159189, Name: complement C1q C chain"
,,MS4A6A,"Id: ENSG00000110077, Name: membrane spanning 4-domains A6A"
,,IL1B,"Id: ENSG00000125538, Name: interleukin 1 beta"
,,HLA-DRA,"Id: ENSG00000204287, Name: major histocompatibility complex, class II, DR alpha"
,,FCER1G,"Id: ENSG00000158869, Name: Fc epsilon receptor Ig"
,,TYROBP,"Id: ENSG00000011600, Name: transmembrane immune signaling adaptor TYROBP"
,,CTSZ,"Id: ENSG00000101160, Name: cathepsin Z"
,,LST1,"Id: ENSG00000204482, Name: leukocyte specific transcript 1"
,,ATP6V1F,"Id: ENSG00000128524, Name: ATPase H+ transporting V1 subunit F"
,,CD163,"Id: ENSG00000177575, Name: CD163 molecule"
,,LAPTM5,"Id: ENSG00000162511, Name: lysosomal protein transmembrane 5"
,,CCL3L1,"Id: ENSG00000276085, Name: C-C motif chemokine ligand 3 like 3"
,,CST3,"Id: ENSG00000101439, Name: cystatin C"
,,ITGB2,"Id: ENSG00000160255, Name: integrin subunit beta 2"
,,LYZ,"Id: ENSG00000090382, Name: lysozyme"
,,CYBA,"Id: ENSG00000051523, Name: cytochrome b-245 alpha chain"
,,APOC1,"Id: ENSG00000130208, Name: apolipoprotein C1"
,,PSAP,"Id: ENSG00000197746, Name: prosaposin"
,,CTSB,"Id: ENSG00000164733, Name: cathepsin B"
,,CYBB,"Id: ENSG00000165168, Name: cytochrome b-245 beta chain"
,,GRN,"Id: ENSG00000030582, Name: granulin precursor"
,,IGSF6,"Id: ENSG00000140749, Name: immunoglobulin superfamily member 6"
,,FCGR2A,"Id: ENSG00000143226, Name: Fc gamma receptor IIa"
,,ASAH1,"Id: ENSG00000104763, Name: N-acylsphingosine amidohydrolase 1"
,,MS4A7,"Id: ENSG00000166927, Name: membrane spanning 4-domains A7"
,,VSIG4,"Id: ENSG00000155659, Name: V-set and immunoglobulin domain containing 4"
,,SPI1,"Id: ENSG00000066336, Name: Spi-1 proto-oncogene"
,,FCGRT,"Id: ENSG00000104870, Name: Fc gamma receptor and transporter"
,,FCGR3A,"Id: ENSG00000203747, Name: Fc gamma receptor IIIa"
,,CTSD,"Id: ENSG00000117984, Name: cathepsin D"
,,PLEK,"Id: ENSG00000115956, Name: pleckstrin"
,,CTSC,"Id: ENSG00000109861, Name: cathepsin C"
,,OAZ1,"Id: ENSG00000104904, Name: ornithine decarboxylase antizyme 1"
,,ATP6V0B,"Id: ENSG00000117410, Name: ATPase H+ transporting V0 subunit b"
,,OLR1,"Id: ENSG00000173391, Name: oxidized low density lipoprotein receptor 1"
,,MS4A4A,"Id: ENSG00000110079, Name: membrane spanning 4-domains A4A"
,,HLA-DPA1,"Id: ENSG00000231389, Name: major histocompatibility complex, class II, DP alpha 1"
,,BRI3,"Id: ENSG00000164713, Name: brain protein I3"
,,ZEB2,"Id: ENSG00000169554, Name: zinc finger E-box binding homeobox 2"
,,HLA-DPB1,"Id: ENSG00000223865, Name: major histocompatibility complex, class II, DP beta 1"
,,HLA-DRB1,"Id: ENSG00000196126, Name: major histocompatibility complex, class II, DR beta 1"
,,PHACTR1,"Id: ENSG00000112137, Name: phosphatase and actin regulator 1"
uterine smooth muscle cell - marker genes,CellGuide's computational marker genes for 'uterine smooth muscle cell' in uterus tissue,ACTA2,"Id: ENSG00000107796, Name: actin alpha 2, smooth muscle"
,,TAGLN,"Id: ENSG00000149591, Name: transgelin"
,,TPM2,"Id: ENSG00000198467, Name: tropomyosin 2"
,,MYL9,"Id: ENSG00000101335, Name: myosin light chain 9"
,,RAMP1,"Id: ENSG00000132329, Name: receptor activity modifying protein 1"
,,TPM1,"Id: ENSG00000140416, Name: tropomyosin 1"
,,CNN1,"Id: ENSG00000130176, Name: calponin 1"
,,MYLK,"Id: ENSG00000065534, Name: myosin light chain kinase"
,,ACTG2,"Id: ENSG00000163017, Name: actin gamma 2, smooth muscle"
,,DES,"Id: ENSG00000175084, Name: desmin"
,,MYH11,"Id: ENSG00000133392, Name: myosin heavy chain 11"
,,TCEAL4,"Id: ENSG00000133142, Name: transcription elongation factor A like 4"
,,HSPB1,"Id: ENSG00000106211, Name: heat shock protein family B (small) member 1"
,,CALD1,"Id: ENSG00000122786, Name: caldesmon 1"
,,DSTN,"Id: ENSG00000125868, Name: destrin, actin depolymerizing factor"
,,ACTB,"Id: ENSG00000075624, Name: actin beta"
,,LGALS1,"Id: ENSG00000100097, Name: galectin 1"
,,SELENOM,"Id: ENSG00000198832, Name: selenoprotein M"
,,LPP,"Id: ENSG00000145012, Name: LIM domain containing preferred translocation partner in lipoma"
,,MYL6,"Id: ENSG00000092841, Name: myosin light chain 6"
,,CSRP1,"Id: ENSG00000159176, Name: cysteine and glycine rich protein 1"
,,PDLIM7,"Id: ENSG00000196923, Name: PDZ and LIM domain 7"
,,PALLD,"Id: ENSG00000129116, Name: palladin, cytoskeletal associated protein"
,,TCEAL3,"Id: ENSG00000196507, Name: transcription elongation factor A like 3"
,,SVIL,"Id: ENSG00000197321, Name: supervillin"
,,EGR1,"Id: ENSG00000120738, Name: early growth response 1"
,,SMTN,"Id: ENSG00000183963, Name: smoothelin"
,,PDLIM3,"Id: ENSG00000154553, Name: PDZ and LIM domain 3"
,,TGFB1I1,"Id: ENSG00000140682, Name: transforming growth factor beta 1 induced transcript 1"
,,FLNA,"Id: ENSG00000196924, Name: filamin A"
,,LEFTY2,"Id: ENSG00000143768, Name: left-right determination factor 2"
,,PBX1,"Id: ENSG00000185630, Name: PBX homeobox 1"
,,IGFBP5,"Id: ENSG00000115461, Name: insulin like growth factor binding protein 5"
,,NEXN,"Id: ENSG00000162614, Name: nexilin F-actin binding protein"
,,EMX2,"Id: ENSG00000170370, Name: empty spiracles homeobox 2"
,,KCNMB1,"Id: ENSG00000145936, Name: potassium calcium-activated channel subfamily M regulatory beta subunit 1"
,,PPP1R12B,"Id: ENSG00000077157, Name: protein phosphatase 1 regulatory subunit 12B"
,,SYNPO2,"Id: ENSG00000172403, Name: synaptopodin 2"
,,TCEAL1,"Id: ENSG00000172465, Name: transcription elongation factor A like 1"
,,FOS,"Id: ENSG00000170345, Name: Fos proto-oncogene, AP-1 transcription factor subunit"
,,LMOD1,"Id: ENSG00000163431, Name: leiomodin 1"
,,ST13,"Id: ENSG00000100380, Name: ST13 Hsp70 interacting protein"
,,SH3BGRL,"Id: ENSG00000131171, Name: SH3 domain binding glutamate rich protein like"
,,MALAT1,"Id: ENSG00000251562, Name: metastasis associated lung adenocarcinoma transcript 1"
,,GADD45G,"Id: ENSG00000130222, Name: growth arrest and DNA damage inducible gamma"
,,ILK,"Id: ENSG00000166333, Name: integrin linked kinase"
,,FXYD1,"Id: ENSG00000266964, Name: FXYD domain containing ion transport regulator 1"
,,ATP1B1,"Id: ENSG00000143153, Name: ATPase Na+/K+ transporting subunit beta 1"
,,SLMAP,"Id: ENSG00000163681, Name: sarcolemma associated protein"
,,HSPB6,"Id: ENSG00000004776, Name: heat shock protein family B (small) member 6"
,,PPP1CB,"Id: ENSG00000213639, Name: protein phosphatase 1 catalytic subunit beta"
,,JUNB,"Id: ENSG00000171223, Name: JunB proto-oncogene, AP-1 transcription factor subunit"
,,REV3L,"Id: ENSG00000009413, Name: REV3 like, DNA directed polymerase zeta catalytic subunit"
,,NUPR1,"Id: ENSG00000176046, Name: nuclear protein 1, transcriptional regulator"
,,RARRES2,"Id: ENSG00000106538, Name: retinoic acid receptor responder 2"
,,CFL2,"Id: ENSG00000165410, Name: cofilin 2"
,,BEX3,"Id: ENSG00000166681, Name: brain expressed X-linked 3"
,,SMOC2,"Id: ENSG00000112562, Name: SPARC related modular calcium binding 2"
,,JUN,"Id: ENSG00000177606, Name: Jun proto-oncogene, AP-1 transcription factor subunit"
,,ESD,"Id: ENSG00000139684, Name: esterase D"
,,OSR2,"Id: ENSG00000164920, Name: odd-skipped related transciption factor 2"
,,BAG2,"Id: ENSG00000112208, Name: BAG cochaperone 2"
,,FHL1,"Id: ENSG00000022267, Name: four and a half LIM domains 1"
,,DPP6,"Id: ENSG00000130226, Name: dipeptidyl peptidase like 6"
,,FBXO32,"Id: ENSG00000156804, Name: F-box protein 32"
,,PPP1R14A,"Id: ENSG00000167641, Name: protein phosphatase 1 regulatory inhibitor subunit 14A"
,,FXYD6,"Id: ENSG00000137726, Name: FXYD domain containing ion transport regulator 6"
,,CIRBP,"Id: ENSG00000099622, Name: cold inducible RNA binding protein"
,,MOXD1,"Id: ENSG00000079931, Name: monooxygenase DBH like 1"
,,CKB,"Id: ENSG00000166165, Name: creatine kinase B"
,,ACTN1,"Id: ENSG00000072110, Name: actinin alpha 1"
,,COMMD6,"Id: ENSG00000188243, Name: COMM domain containing 6"
,,SORBS1,"Id: ENSG00000095637, Name: sorbin and SH3 domain containing 1"
,,C20orf27,"Id: ENSG00000101220, Name: adipose secreted signaling protein"
,,CADPS2,"Id: ENSG00000081803, Name: calcium dependent secretion activator 2"
fibroblast - marker genes,CellGuide's computational marker genes for 'fibroblast' in uterus tissue,COL1A1,"Id: ENSG00000108821, Name: collagen type I alpha 1 chain"
,,LUM,"Id: ENSG00000139329, Name: lumican"
,,COL1A2,"Id: ENSG00000164692, Name: collagen type I alpha 2 chain"
,,MMP11,"Id: ENSG00000099953, Name: matrix metallopeptidase 11"
,,COL3A1,"Id: ENSG00000168542, Name: collagen type III alpha 1 chain"
,,FBLN1,"Id: ENSG00000077942, Name: fibulin 1"
,,IGF1,"Id: ENSG00000017427, Name: insulin like growth factor 1"
,,ISLR,"Id: ENSG00000129009, Name: immunoglobulin superfamily containing leucine rich repeat"
,,RBP1,"Id: ENSG00000114115, Name: retinol binding protein 1"
,,SFRP4,"Id: ENSG00000106483, Name: secreted frizzled related protein 4"
,,PCOLCE,"Id: ENSG00000106333, Name: procollagen C-endopeptidase enhancer"
,,SERPINH1,"Id: ENSG00000149257, Name: serpin family H member 1"
,,DCN,"Id: ENSG00000011465, Name: decorin"
,,MDK,"Id: ENSG00000110492, Name: midkine"
,,SERPINF1,"Id: ENSG00000132386, Name: serpin family F member 1"
,,SPON2,"Id: ENSG00000159674, Name: spondin 2"
,,CPXM1,"Id: ENSG00000088882, Name: carboxypeptidase X, M14 family member 1"
,,SFRP1,"Id: ENSG00000104332, Name: secreted frizzled related protein 1"
,,TUBA1A,"Id: ENSG00000167552, Name: tubulin alpha 1a"
,,C1R,"Id: ENSG00000159403, Name: complement C1r"
,,ECM1,"Id: ENSG00000143369, Name: extracellular matrix protein 1"
,,H19_ENSG00000130600,"Id: ENSG00000130600, Name: H19 imprinted maternally expressed transcript"
,,LRPAP1,"Id: ENSG00000163956, Name: LDL receptor related protein associated protein 1"
,,VCAN,"Id: ENSG00000038427, Name: versican"
,,DIO2,"Id: ENSG00000211448, Name: iodothyronine deiodinase 2"
,,THY1,"Id: ENSG00000154096, Name: Thy-1 cell surface antigen"
,,IER5L,"Id: ENSG00000188483, Name: immediate early response 5 like"
,,KCNQ1OT1,"Id: ENSG00000269821, Name: KCNQ1 opposite strand/antisense transcript 1"
,,MEG3,"Id: ENSG00000214548, Name: maternally expressed 3"
,,C1S,"Id: ENSG00000182326, Name: complement C1s"
,,IGFBP6,"Id: ENSG00000167779, Name: insulin like growth factor binding protein 6"
,,OGN,"Id: ENSG00000106809, Name: osteoglycin"
,,NBL1,"Id: ENSG00000158747, Name: MICOS10-NBL1 readthrough"
,,MAGED2,"Id: ENSG00000102316, Name: MAGE family member D2"
,,CDK2AP1,"Id: ENSG00000111328, Name: cyclin dependent kinase 2 associated protein 1"
,,CLEC11A,"Id: ENSG00000105472, Name: C-type lectin domain containing 11A"
glandular epithelial cell - marker genes,CellGuide's computational marker genes for 'glandular epithelial cell' in uterus tissue,CLDN3,"Id: ENSG00000165215, Name: claudin 3"
,,CLDN4,"Id: ENSG00000189143, Name: claudin 4"
,,RIMKLB,"Id: ENSG00000166532, Name: ribosomal modification protein rimK like family member B"
,,LINC01541,"Id: ENSG00000260676, Name: long intergenic non-protein coding RNA 1541"
,,ELF3,"Id: ENSG00000163435, Name: E74 like ETS transcription factor 3"
,,PAPSS1,"Id: ENSG00000138801, Name: 3'-phosphoadenosine 5'-phosphosulfate synthase 1"
,,MT1G,"Id: ENSG00000125144, Name: metallothionein 1G"
,,RAB11FIP1,"Id: ENSG00000156675, Name: RAB11 family interacting protein 1"
,,DEFB1,"Id: ENSG00000164825, Name: defensin beta 1"
,,SHROOM3,"Id: ENSG00000138771, Name: shroom family member 3"
,,MT1F,"Id: ENSG00000198417, Name: metallothionein 1F"
,,KLF6,"Id: ENSG00000067082, Name: KLF transcription factor 6"
,,MT1H,"Id: ENSG00000205358, Name: metallothionein 1H"
,,CXCL14,"Id: ENSG00000145824, Name: C-X-C motif chemokine ligand 14"
,,GABRP,"Id: ENSG00000094755, Name: gamma-aminobutyric acid type A receptor subunit pi"
,,ANXA4,"Id: ENSG00000196975, Name: annexin A4"
,,MIF,"Id: ENSG00000240972, Name: macrophage migration inhibitory factor"
,,NEAT1,"Id: ENSG00000245532, Name: nuclear paraspeckle assembly transcript 1"
,,SLPI,"Id: ENSG00000124107, Name: secretory leukocyte peptidase inhibitor"
,,TMEM101,"Id: ENSG00000091947, Name: transmembrane protein 101"
,,MALAT1,"Id: ENSG00000251562, Name: metastasis associated lung adenocarcinoma transcript 1"
,,DDX52,"Id: ENSG00000278053, Name: DExD-box helicase 52"
,,RHEX,"Id: ENSG00000263961, Name: regulator of hemoglobinization and erythroid cell expansion"
,,MT1E,"Id: ENSG00000169715, Name: metallothionein 1E"
,,SCGB1D2,"Id: ENSG00000124935, Name: secretoglobin family 1D member 2"
,,GADD45A,"Id: ENSG00000116717, Name: growth arrest and DNA damage inducible alpha"
,,MT1M,"Id: ENSG00000205364, Name: metallothionein 1M"
,,WFDC2,"Id: ENSG00000101443, Name: WAP four-disulfide core domain 2"
,,USP53,"Id: ENSG00000145390, Name: ubiquitin specific peptidase 53"
,,DYNLT3,"Id: ENSG00000165169, Name: dynein light chain Tctex-type 3"
,,ATF3,"Id: ENSG00000162772, Name: activating transcription factor 3"
,,SLC26A2,"Id: ENSG00000155850, Name: solute carrier family 26 member 2"
,,SLC34A2,"Id: ENSG00000157765, Name: solute carrier family 34 member 2"
,,CD24,"Id: ENSG00000272398, Name: CD24 molecule"
,,IER3,"Id: ENSG00000137331, Name: immediate early response 3"
,,BTG2,"Id: ENSG00000159388, Name: BTG anti-proliferation factor 2"
,,PAEP,"Id: ENSG00000122133, Name: progestagen associated endometrial protein"
,,SOX17,"Id: ENSG00000164736, Name: SRY-box transcription factor 17"
,,LIMS3,"Id: ENSG00000256977, Name: LIM zinc finger domain containing 3"
,,CP,"Id: ENSG00000047457, Name: ceruloplasmin"
,,ASRGL1,"Id: ENSG00000162174, Name: asparaginase and isoaspartyl peptidase 1"
,,LIMS4,"Id: ENSG00000256671, Name: LIM zinc finger domain containing 4"
,,LINC01320,"Id: ENSG00000228262, Name: long intergenic non-protein coding RNA 1320"
,,RASD1,"Id: ENSG00000108551, Name: ras related dexamethasone induced 1"
,,CCNL1,"Id: ENSG00000163660, Name: cyclin L1"
,,ARL5B,"Id: ENSG00000165997, Name: ADP ribosylation factor like GTPase 5B"
,,DDT,"Id: ENSG00000099977, Name: D-dopachrome tautomerase"
,,PLAAT3,"Id: ENSG00000176485, Name: phospholipase A and acyltransferase 3"
,,CRISP3,"Id: ENSG00000096006, Name: cysteine rich secretory protein 3"
,,H2AC19,"Id: ENSG00000272196, Name: H2AC19"
,,SIK1,"Id: ENSG00000142178, Name: salt inducible kinase 1"
,,IL6ST,"Id: ENSG00000134352, Name: interleukin 6 cytokine family signal transducer"
,,FAM177A1,"Id: ENSG00000151327, Name: uncharacterized LOC101927178"
,,H2AC18,"Id: ENSG00000203812, Name: H2AC18"
,,CDKN2AIP,"Id: ENSG00000168564, Name: CDKN2A interacting protein"
,,SIK1B,"Id: ENSG00000275993, Name: salt inducible kinase 1B (putative)"
,,S100P,"Id: ENSG00000163993, Name: S100 calcium binding protein P"
,,CNDP2,"Id: ENSG00000133313, Name: carnosine dipeptidase 2"
,,PRXL2A,"Id: ENSG00000122378, Name: peroxiredoxin like 2A"
,,SCGB2A1,"Id: ENSG00000124939, Name: secretoglobin family 2A member 1"
,,HINT1,"Id: ENSG00000169567, Name: histidine triad nucleotide binding protein 1"
,,UBE2H,"Id: ENSG00000186591, Name: ubiquitin conjugating enzyme E2 H"
,,ENPP3,"Id: ENSG00000154269, Name: ectonucleotide pyrophosphatase/phosphodiesterase 3"
,,GDF15,"Id: ENSG00000130513, Name: growth differentiation factor 15"
,,C2CD4A,"Id: ENSG00000198535, Name: C2 calcium dependent domain containing 4A"
,,CAPZA2,"Id: ENSG00000198898, Name: capping actin protein of muscle Z-line subunit alpha 2"
,,EHF,"Id: ENSG00000135373, Name: ETS homologous factor"
,,SRD5A3,"Id: ENSG00000128039, Name: steroid 5 alpha-reductase 3"
,,RETREG1,"Id: ENSG00000154153, Name: reticulophagy regulator 1"
,,SPINT2,"Id: ENSG00000167642, Name: serine peptidase inhibitor, Kunitz type 2"
,,SCGB1D4,"Id: ENSG00000197745, Name: secretoglobin family 1D member 4"
,,PAX8,"Id: ENSG00000125618, Name: paired box 8"
T cell - marker genes,CellGuide's computational marker genes for 'T cell' in uterus tissue,TSC22D3,"Id: ENSG00000157514, Name: TSC22 domain family member 3"
,,PTPRC,"Id: ENSG00000081237, Name: protein tyrosine phosphatase receptor type C"
,,CXCR4,"Id: ENSG00000121966, Name: C-X-C motif chemokine receptor 4"
,,CD3D,"Id: ENSG00000167286, Name: CD3 delta subunit of T-cell receptor complex"
,,SARAF,"Id: ENSG00000133872, Name: store-operated calcium entry associated regulatory factor"
,,IL32,"Id: ENSG00000008517, Name: interleukin 32"
,,IL7R,"Id: ENSG00000168685, Name: interleukin 7 receptor"
,,CD2,"Id: ENSG00000116824, Name: CD2 molecule"
,,CD3E,"Id: ENSG00000198851, Name: CD3 epsilon subunit of T-cell receptor complex"
,,LINC-PINT,"Id: ENSG00000231721, Name: long intergenic non-protein coding RNA, p53 induced transcript"
,,CCL5,"Id: ENSG00000271503, Name: C-C motif chemokine ligand 5"
,,LEPROTL1,"Id: ENSG00000104660, Name: leptin receptor overlapping transcript like 1"
,,CYTIP,"Id: ENSG00000115165, Name: cytohesin 1 interacting protein"
,,TRBC2,"Id: ENSG00000211772, Name: T cell receptor beta constant 2"
,,CD7,"Id: ENSG00000173762, Name: CD7 molecule"
,,H4C3,"Id: ENSG00000197061, Name: H4 clustered histone 3"
,,HSPA8,"Id: ENSG00000109971, Name: heat shock protein family A (Hsp70) member 8"
,,ZFP36L2,"Id: ENSG00000152518, Name: ZFP36 ring finger protein like 2"
,,JUND,"Id: ENSG00000130522, Name: JunD proto-oncogene, AP-1 transcription factor subunit"
,,SMAP2,"Id: ENSG00000084070, Name: small ArfGAP2"
,,TRBC1,"Id: ENSG00000211751, Name: T cell receptor beta constant 1"
,,PPP2R5C,"Id: ENSG00000078304, Name: protein phosphatase 2 regulatory subunit B'gamma"
,,HLA-A,"Id: ENSG00000206503, Name: major histocompatibility complex, class I, A"
,,TRAC,"Id: ENSG00000277734, Name: T cell receptor alpha constant"
,,CNOT6L,"Id: ENSG00000138767, Name: CCR4-NOT transcription complex subunit 6 like"
,,CST7,"Id: ENSG00000077984, Name: cystatin F"
,,BTG1,"Id: ENSG00000133639, Name: BTG anti-proliferation factor 1"
,,ARHGDIB,"Id: ENSG00000111348, Name: Rho GDP dissociation inhibitor beta"
,,HCST,"Id: ENSG00000126264, Name: hematopoietic cell signal transducer"
,,GZMA,"Id: ENSG00000145649, Name: granzyme A"
,,SYTL3,"Id: ENSG00000164674, Name: synaptotagmin like 3"
,,CD69,"Id: ENSG00000110848, Name: CD69 molecule"
,,PIK3IP1,"Id: ENSG00000100100, Name: phosphoinositide-3-kinase interacting protein 1"
,,RUNX3,"Id: ENSG00000020633, Name: RUNX family transcription factor 3"
,,MYADM,"Id: ENSG00000179820, Name: myeloid associated differentiation marker"
,,DDX24,"Id: ENSG00000089737, Name: DEAD-box helicase 24"
,,RGCC,"Id: ENSG00000102760, Name: regulator of cell cycle"
,,CD3G,"Id: ENSG00000160654, Name: CD3 gamma subunit of T-cell receptor complex"
,,TSPYL2,"Id: ENSG00000184205, Name: TSPY like 2"
,,RPL10P9,"Id: ENSG00000233913, Name: ribosomal protein L10 pseudogene 9"
,,RP11-138A9.2,"Id: ENSG00000273319, Name: RP11-138A9.2"
,,GZMK,"Id: ENSG00000113088, Name: granzyme K"
,,SRSF7,"Id: ENSG00000115875, Name: serine and arginine rich splicing factor 7"
,,RNF19A,"Id: ENSG00000034677, Name: ring finger protein 19A, RBR E3 ubiquitin protein ligase"
,,CD8A,"Id: ENSG00000153563, Name: CD8 subunit alpha"
,,CD37,"Id: ENSG00000104894, Name: CD37 molecule"
,,GPR171,"Id: ENSG00000174946, Name: G protein-coupled receptor 171"
,,CD96,"Id: ENSG00000153283, Name: CD96 molecule"
,,IKZF1,"Id: ENSG00000185811, Name: IKAROS family zinc finger 1"
,,CORO1A,"Id: ENSG00000102879, Name: coronin 1A"
,,PLAAT4,"Id: ENSG00000133321, Name: phospholipase A and acyltransferase 4"
,,ELF1,"Id: ENSG00000120690, Name: E74 like ETS transcription factor 1"
,,STK4,"Id: ENSG00000101109, Name: serine/threonine kinase 4"
,,ARL4C,"Id: ENSG00000188042, Name: ADP ribosylation factor like GTPase 4C"
,,GNG2,"Id: ENSG00000186469, Name: G protein subunit gamma 2"
,,GMFG,"Id: ENSG00000130755, Name: glia maturation factor gamma"
,,HMGB2,"Id: ENSG00000164104, Name: high mobility group box 2"
,,BATF,"Id: ENSG00000156127, Name: basic leucine zipper ATF-like transcription factor"
,,SEPTIN6,"Id: ENSG00000125354, Name: septin 6"
,,FYB1,"Id: ENSG00000082074, Name: FYN binding protein 1"
,,DOK2,"Id: ENSG00000147443, Name: docking protein 2"
,,PBXIP1,"Id: ENSG00000163346, Name: PBX homeobox interacting protein 1"
,,STAT4,"Id: ENSG00000138378, Name: signal transducer and activator of transcription 4"
,,PCED1B-AS1,"Id: ENSG00000247774, Name: PCED1B antisense RNA 1"
,,LPIN2,"Id: ENSG00000101577, Name: lipin 2"
,,CLEC2B,"Id: ENSG00000110852, Name: C-type lectin domain family 2 member B"
,,NKG7,"Id: ENSG00000105374, Name: natural killer cell granule protein 7"
,,CD48,"Id: ENSG00000117091, Name: CD48 molecule"
,,GNLY,"Id: ENSG00000115523, Name: granulysin"
,,BCL11B,"Id: ENSG00000127152, Name: BCL11 transcription factor B"
macrophage - marker genes,CellGuide's computational marker genes for 'macrophage' in uterus tissue,FTL,"Id: ENSG00000087086, Name: ferritin light chain"
,,FCER1G,"Id: ENSG00000158869, Name: Fc epsilon receptor Ig"
,,IL1B,"Id: ENSG00000125538, Name: interleukin 1 beta"
,,TYROBP,"Id: ENSG00000011600, Name: transmembrane immune signaling adaptor TYROBP"
,,AIF1,"Id: ENSG00000204472, Name: allograft inflammatory factor 1"
,,CCL3,"Id: ENSG00000277632, Name: C-C motif chemokine ligand 3"
,,CTSD,"Id: ENSG00000117984, Name: cathepsin D"
,,LAPTM5,"Id: ENSG00000162511, Name: lysosomal protein transmembrane 5"
,,CTSZ,"Id: ENSG00000101160, Name: cathepsin Z"
,,CD163,"Id: ENSG00000177575, Name: CD163 molecule"
,,CTSS,"Id: ENSG00000163131, Name: cathepsin S"
,,PSAP,"Id: ENSG00000197746, Name: prosaposin"
,,ATP6V1F,"Id: ENSG00000128524, Name: ATPase H+ transporting V1 subunit F"
,,CTSB,"Id: ENSG00000164733, Name: cathepsin B"
,,LYZ,"Id: ENSG00000090382, Name: lysozyme"
,,RNASE1,"Id: ENSG00000129538, Name: ribonuclease A family member 1, pancreatic"
,,EREG,"Id: ENSG00000124882, Name: epiregulin"
,,TYMP,"Id: ENSG00000025708, Name: thymidine phosphorylase"
,,NPC2,"Id: ENSG00000119655, Name: NPC intracellular cholesterol transporter 2"
,,BRI3,"Id: ENSG00000164713, Name: brain protein I3"
,,GRN,"Id: ENSG00000030582, Name: granulin precursor"
,,FTH1,"Id: ENSG00000167996, Name: ferritin heavy chain 1"
,,C5AR1,"Id: ENSG00000197405, Name: complement C5a receptor 1"
,,CXCL3,"Id: ENSG00000163734, Name: C-X-C motif chemokine ligand 3"
,,MS4A7,"Id: ENSG00000166927, Name: membrane spanning 4-domains A7"
,,CTSL,"Id: ENSG00000135047, Name: cathepsin L"
,,CD14,"Id: ENSG00000170458, Name: CD14 molecule"
,,C1orf162,"Id: ENSG00000143110, Name: chromosome 1 open reading frame 162"
,,C1QA,"Id: ENSG00000173372, Name: complement C1q A chain"
,,PLIN2,"Id: ENSG00000147872, Name: perilipin 2"
,,CCL4,"Id: ENSG00000275302, Name: C-C motif chemokine ligand 4"
,,C1QB,"Id: ENSG00000173369, Name: complement C1q B chain"
,,FCGR3A,"Id: ENSG00000203747, Name: Fc gamma receptor IIIa"
,,HLA-DRA,"Id: ENSG00000204287, Name: major histocompatibility complex, class II, DR alpha"
,,CCL3L1,"Id: ENSG00000276085, Name: C-C motif chemokine ligand 3 like 3"
,,TIMP1,"Id: ENSG00000102265, Name: TIMP metallopeptidase inhibitor 1"
,,FCGR2A,"Id: ENSG00000143226, Name: Fc gamma receptor IIa"
,,ZEB2,"Id: ENSG00000169554, Name: zinc finger E-box binding homeobox 2"
,,VSIG4,"Id: ENSG00000155659, Name: V-set and immunoglobulin domain containing 4"
,,GPR183,"Id: ENSG00000169508, Name: G protein-coupled receptor 183"
,,MMP19,"Id: ENSG00000123342, Name: matrix metallopeptidase 19"
,,ASAH1,"Id: ENSG00000104763, Name: N-acylsphingosine amidohydrolase 1"
,,OLR1,"Id: ENSG00000173391, Name: oxidized low density lipoprotein receptor 1"
,,FCGRT,"Id: ENSG00000104870, Name: Fc gamma receptor and transporter"
,,C1QC,"Id: ENSG00000159189, Name: complement C1q C chain"
,,PLEK,"Id: ENSG00000115956, Name: pleckstrin"
,,ALOX5AP,"Id: ENSG00000132965, Name: arachidonate 5-lipoxygenase activating protein"
,,EMP3,"Id: ENSG00000142227, Name: epithelial membrane protein 3"
,,LUCAT1,"Id: ENSG00000248323, Name: lung cancer associated transcript 1"
,,NINJ1,"Id: ENSG00000131669, Name: ninjurin 1"
,,SPP1,"Id: ENSG00000118785, Name: secreted phosphoprotein 1"
,,HLA-DRB5,"Id: ENSG00000198502, Name: major histocompatibility complex, class II, DR beta 5"
,,MS4A6A,"Id: ENSG00000110077, Name: membrane spanning 4-domains A6A"
,,CYBA,"Id: ENSG00000051523, Name: cytochrome b-245 alpha chain"
,,CYBB,"Id: ENSG00000165168, Name: cytochrome b-245 beta chain"
,,NLRP3,"Id: ENSG00000162711, Name: NLR family pyrin domain containing 3"
,,APOE,"Id: ENSG00000130203, Name: apolipoprotein E"
,,OAZ1,"Id: ENSG00000104904, Name: ornithine decarboxylase antizyme 1"
,,CCL4L2,"Id: ENSG00000276070, Name: C-C motif chemokine ligand 4 like 2"
,,LST1,"Id: ENSG00000204482, Name: leukocyte specific transcript 1"
,,MARCKS,"Id: ENSG00000277443, Name: myristoylated alanine rich protein kinase C substrate"
,,SLC11A1,"Id: ENSG00000018280, Name: solute carrier family 11 member 1"
,,UPP1,"Id: ENSG00000183696, Name: uridine phosphorylase 1"
,,ITGB2,"Id: ENSG00000160255, Name: integrin subunit beta 2"
,,SPI1,"Id: ENSG00000066336, Name: Spi-1 proto-oncogene"
,,APOC1,"Id: ENSG00000130208, Name: apolipoprotein C1"
,,MS4A4A,"Id: ENSG00000110079, Name: membrane spanning 4-domains A4A"
,,HLA-DQB1,"Id: ENSG00000179344, Name: major histocompatibility complex, class II, DQ beta 1"
,,ANPEP,"Id: ENSG00000166825, Name: alanyl aminopeptidase, membrane"
,,CXCL2,"Id: ENSG00000081041, Name: C-X-C motif chemokine ligand 2"
,,MAFB,"Id: ENSG00000204103, Name: MAF bZIP transcription factor B"
,,TGFBI,"Id: ENSG00000120708, Name: transforming growth factor beta induced"
,,AP2S1,"Id: ENSG00000042753, Name: adaptor related protein complex 2 subunit sigma 1"
,,MRC1,"Id: ENSG00000260314, Name: mannose receptor C-type 1"
,,CCL20,"Id: ENSG00000115009, Name: C-C motif chemokine ligand 20"
,,PLTP,"Id: ENSG00000100979, Name: phospholipid transfer protein"
,,MACROH2A1,"Id: ENSG00000113648, Name: macroH2A.1 histone"
,,ATP6V0B,"Id: ENSG00000117410, Name: ATPase H+ transporting V0 subunit b"
,,GRINA,"Id: ENSG00000178719, Name: glutamate ionotropic receptor NMDA type subunit associated protein 1"
,,SLC16A10,"Id: ENSG00000112394, Name: solute carrier family 16 member 10"
,,TREM1,"Id: ENSG00000124731, Name: triggering receptor expressed on myeloid cells 1"
,,CST3,"Id: ENSG00000101439, Name: cystatin C"
,,S100A9,"Id: ENSG00000163220, Name: S100 calcium binding protein A9"
,,CREG1,"Id: ENSG00000143162, Name: cellular repressor of E1A stimulated genes 1"
,,CTSC,"Id: ENSG00000109861, Name: cathepsin C"
,,PLD3,"Id: ENSG00000105223, Name: phospholipase D family member 3"
,,BLVRB,"Id: ENSG00000090013, Name: biliverdin reductase B"
,,IL10,"Id: ENSG00000136634, Name: interleukin 10"
,,S100A4,"Id: ENSG00000196154, Name: S100 calcium binding protein A4"
,,ABCA1,"Id: ENSG00000165029, Name: ATP binding cassette subfamily A member 1"
,,STAB1,"Id: ENSG00000010327, Name: stabilin 1"
,,PLAUR,"Id: ENSG00000011422, Name: plasminogen activator, urokinase receptor"
,,TNFRSF1B,"Id: ENSG00000028137, Name: TNF receptor superfamily member 1B"
,,MARCO,"Id: ENSG00000019169, Name: macrophage receptor with collagenous structure"
,,ARPC5,"Id: ENSG00000162704, Name: actin related protein 2/3 complex subunit 5"
,,ABL2,"Id: ENSG00000143322, Name: ABL proto-oncogene 2, non-receptor tyrosine kinase"
,,CCDC88A,"Id: ENSG00000115355, Name: coiled-coil domain containing 88A"
,,HLA-DPA1,"Id: ENSG00000231389, Name: major histocompatibility complex, class II, DP alpha 1"
,,VAMP8,"Id: ENSG00000118640, Name: vesicle associated membrane protein 8"
,,TNF,"Id: ENSG00000232810, Name: tumor necrosis factor"
pericyte - marker genes,CellGuide's computational marker genes for 'pericyte' in uterus tissue,COL18A1,"Id: ENSG00000182871, Name: collagen type XVIII alpha 1 chain"
,,BGN,"Id: ENSG00000182492, Name: biglycan"
,,C11orf96,"Id: ENSG00000187479, Name: chromosome 11 open reading frame 96"
,,RGS5_ENSG00000143248,"Id: ENSG00000143248, Name: regulator of G protein signaling 5"
,,ADIRF,"Id: ENSG00000148671, Name: adipogenesis regulatory factor"
,,ADAMTS4,"Id: ENSG00000158859, Name: ADAM metallopeptidase with thrombospondin type 1 motif 4"
,,COL4A2,"Id: ENSG00000134871, Name: collagen type IV alpha 2 chain"
,,MFGE8,"Id: ENSG00000140545, Name: milk fat globule EGF and factor V/VIII domain containing"
,,MCAM,"Id: ENSG00000076706, Name: melanoma cell adhesion molecule"
,,GJA4,"Id: ENSG00000187513, Name: gap junction protein alpha 4"
,,MT1A,"Id: ENSG00000205362, Name: metallothionein 1A"
,,HES4,"Id: ENSG00000188290, Name: hes family bHLH transcription factor 4"
,,CEBPD,"Id: ENSG00000221869, Name: CCAAT enhancer binding protein delta"
,,H2AJ,"Id: ENSG00000246705, Name: H2A.J histone"
,,COL4A1,"Id: ENSG00000187498, Name: collagen type IV alpha 1 chain"
,,ADAMTS1,"Id: ENSG00000154734, Name: ADAM metallopeptidase with thrombospondin type 1 motif 1"
,,CSRP2,"Id: ENSG00000175183, Name: cysteine and glycine rich protein 2"
,,IGFBP7,"Id: ENSG00000163453, Name: insulin like growth factor binding protein 7"
,,ZFHX3,"Id: ENSG00000140836, Name: zinc finger homeobox 3"
,,KLF9,"Id: ENSG00000119138, Name: KLF transcription factor 9"
,,MGP,"Id: ENSG00000111341, Name: matrix Gla protein"
,,AKAP12,"Id: ENSG00000131016, Name: A-kinase anchoring protein 12"
,,NOTCH3,"Id: ENSG00000074181, Name: notch receptor 3"
,,SOD3,"Id: ENSG00000109610, Name: superoxide dismutase 3"
,,PDGFRB,"Id: ENSG00000113721, Name: platelet derived growth factor receptor beta"
,,MAP1B,"Id: ENSG00000131711, Name: microtubule associated protein 1B"
,,IGFBP6,"Id: ENSG00000167779, Name: insulin like growth factor binding protein 6"
,,CRISPLD2,"Id: ENSG00000103196, Name: cysteine rich secretory protein LCCL domain containing 2"
,,TPM2,"Id: ENSG00000198467, Name: tropomyosin 2"
,,HILPDA,"Id: ENSG00000135245, Name: hypoxia inducible lipid droplet associated"
,,COL6A2,"Id: ENSG00000142173, Name: collagen type VI alpha 2 chain"
,,PPP1R14A,"Id: ENSG00000167641, Name: protein phosphatase 1 regulatory inhibitor subunit 14A"
,,TIMP3,"Id: ENSG00000100234, Name: TIMP metallopeptidase inhibitor 3"
,,CAVIN3,"Id: ENSG00000170955, Name: caveolae associated protein 3"
,,PMEPA1,"Id: ENSG00000124225, Name: prostate transmembrane protein, androgen induced 1"
,,EPS8,"Id: ENSG00000151491, Name: epidermal growth factor receptor pathway substrate 8"
epithelial cell of uterus - marker genes,CellGuide's computational marker genes for 'epithelial cell of uterus' in uterus tissue,UCA1,"Id: ENSG00000214049, Name: urothelial cancer associated 1"
,,CH17-84K15.2,"Id: ENSG00000285417, Name: CH17-84K15.2"
,,ASRGL1,"Id: ENSG00000162174, Name: asparaginase and isoaspartyl peptidase 1"
,,CLDN3,"Id: ENSG00000165215, Name: claudin 3"
,,MMP7,"Id: ENSG00000137673, Name: matrix metallopeptidase 7"
,,SERPINA5,"Id: ENSG00000188488, Name: serpin family A member 5"
,,CAPS,"Id: ENSG00000105519, Name: calcyphosine"
,,TMEM101,"Id: ENSG00000091947, Name: transmembrane protein 101"
,,MMP26,"Id: ENSG00000167346, Name: matrix metallopeptidase 26"
,,FDPS,"Id: ENSG00000160752, Name: farnesyl diphosphate synthase"
,,ELF3,"Id: ENSG00000163435, Name: E74 like ETS transcription factor 3"
,,MDK,"Id: ENSG00000110492, Name: midkine"
endothelial cell - marker genes,CellGuide's computational marker genes for 'endothelial cell' in uterus tissue,CLDN5,"Id: ENSG00000184113, Name: claudin 5"
,,GNG11,"Id: ENSG00000127920, Name: G protein subunit gamma 11"
,,VWF,"Id: ENSG00000110799, Name: von Willebrand factor"
,,A2M,"Id: ENSG00000175899, Name: alpha-2-macroglobulin"
,,APP,"Id: ENSG00000142192, Name: amyloid beta precursor protein"
,,RAMP2,"Id: ENSG00000131477, Name: receptor activity modifying protein 2"
,,EGFL7,"Id: ENSG00000172889, Name: EGF like domain multiple 7"
,,PECAM1,"Id: ENSG00000261371, Name: platelet and endothelial cell adhesion molecule 1"
,,ENPP2,"Id: ENSG00000136960, Name: ectonucleotide pyrophosphatase/phosphodiesterase 2"
,,FKBP1A,"Id: ENSG00000088832, Name: FKBP prolyl isomerase 1A"
,,TCF4,"Id: ENSG00000196628, Name: transcription factor 4"
,,CALCRL,"Id: ENSG00000064989, Name: calcitonin receptor like receptor"
,,NPDC1,"Id: ENSG00000107281, Name: neural proliferation, differentiation and control 1"
,,ACKR1,"Id: ENSG00000213088, Name: atypical chemokine receptor 1 (Duffy blood group)"
,,CRIP2,"Id: ENSG00000182809, Name: cysteine rich protein 2"
,,AQP1,"Id: ENSG00000240583, Name: aquaporin 1 (Colton blood group)"
,,CAV1,"Id: ENSG00000105974, Name: caveolin 1"
,,ADGRL4,"Id: ENSG00000162618, Name: adhesion G protein-coupled receptor L4"
,,CLEC14A,"Id: ENSG00000176435, Name: C-type lectin domain containing 14A"
,,ECSCR,"Id: ENSG00000249751, Name: endothelial cell surface expressed chemotaxis and apoptosis regulator"
,,ENG,"Id: ENSG00000106991, Name: endoglin"
,,KLF2,"Id: ENSG00000127528, Name: KLF transcription factor 2"
,,VAMP5,"Id: ENSG00000168899, Name: vesicle associated membrane protein 5"
,,HYAL2,"Id: ENSG00000068001, Name: hyaluronidase 2"
,,CAVIN2,"Id: ENSG00000168497, Name: caveolae associated protein 2"
,,EMCN,"Id: ENSG00000164035, Name: endomucin"
,,ID3,"Id: ENSG00000117318, Name: inhibitor of DNA binding 3"
,,ESAM,"Id: ENSG00000149564, Name: endothelial cell adhesion molecule"
,,LDB2,"Id: ENSG00000169744, Name: LIM domain binding 2"
,,HLA-E,"Id: ENSG00000204592, Name: major histocompatibility complex, class I, E"
,,MGST2,"Id: ENSG00000085871, Name: microsomal glutathione S-transferase 2"
,,SOCS3,"Id: ENSG00000184557, Name: suppressor of cytokine signaling 3"
,,SLC9A3R2,"Id: ENSG00000065054, Name: NHERF family PDZ scaffold protein 2"
,,FLT1,"Id: ENSG00000102755, Name: fms related receptor tyrosine kinase 1"
,,SNHG7,"Id: ENSG00000233016, Name: small nucleolar RNA host gene 7"
,,RDX,"Id: ENSG00000137710, Name: radixin"
,,ARHGAP29,"Id: ENSG00000137962, Name: Rho GTPase activating protein 29"
,,CD34,"Id: ENSG00000174059, Name: CD34 molecule"
,,LCN6,"Id: ENSG00000267206, Name: lipocalin 6"
,,LEPR,"Id: ENSG00000116678, Name: leptin receptor"
,,HES1,"Id: ENSG00000114315, Name: hes family bHLH transcription factor 1"
,,TSPAN7,"Id: ENSG00000156298, Name: tetraspanin 7"
,,CD93,"Id: ENSG00000125810, Name: CD93 molecule"
,,BCAM,"Id: ENSG00000187244, Name: basal cell adhesion molecule (Lutheran blood group)"
,,PDLIM1,"Id: ENSG00000107438, Name: PDZ and LIM domain 1"
,,FAM167B,"Id: ENSG00000183615, Name: family with sequence similarity 167 member B"
,,DIPK2B,"Id: ENSG00000147113, Name: divergent protein kinase domain 2B"
,,PLVAP,"Id: ENSG00000130300, Name: plasmalemma vesicle associated protein"
,,IFITM3,"Id: ENSG00000142089, Name: interferon induced transmembrane protein 3"
,,SPRY1,"Id: ENSG00000164056, Name: sprouty RTK signaling antagonist 1"
ciliated epithelial cell - marker genes,CellGuide's computational marker genes for 'ciliated epithelial cell' in uterus tissue,CAPS,"Id: ENSG00000105519, Name: calcyphosine"
,,CLDN3,"Id: ENSG00000165215, Name: claudin 3"
,,TUBA1A,"Id: ENSG00000167552, Name: tubulin alpha 1a"
,,MT-RNR2,"Id: ENSG00000210082, Name: MT-RNR2"
,,ELF3,"Id: ENSG00000163435, Name: E74 like ETS transcription factor 3"
,,MT-RNR1,"Id: ENSG00000211459, Name: MT-RNR1"
,,EPCAM,"Id: ENSG00000119888, Name: epithelial cell adhesion molecule"
endothelial cell of lymphatic vessel - marker genes,CellGuide's computational marker genes for 'endothelial cell of lymphatic vessel' in uterus tissue,CRIP2,"Id: ENSG00000182809, Name: cysteine rich protein 2"
,,ENG,"Id: ENSG00000106991, Name: endoglin"
,,RAMP2,"Id: ENSG00000131477, Name: receptor activity modifying protein 2"
,,APP,"Id: ENSG00000142192, Name: amyloid beta precursor protein"
,,TCF4,"Id: ENSG00000196628, Name: transcription factor 4"
,,ECSCR,"Id: ENSG00000249751, Name: endothelial cell surface expressed chemotaxis and apoptosis regulator"
,,KLF2,"Id: ENSG00000127528, Name: KLF transcription factor 2"
,,FKBP1A,"Id: ENSG00000088832, Name: FKBP prolyl isomerase 1A"
,,VWF,"Id: ENSG00000110799, Name: von Willebrand factor"
,,A2M,"Id: ENSG00000175899, Name: alpha-2-macroglobulin"
,,HTRA1,"Id: ENSG00000166033, Name: HtrA serine peptidase 1"
,,BST2,"Id: ENSG00000130303, Name: bone marrow stromal cell antigen 2"
,,HSPG2,"Id: ENSG00000142798, Name: heparan sulfate proteoglycan 2"
,,C2CD4B,"Id: ENSG00000205502, Name: C2 calcium dependent domain containing 4B"
,,GNG11,"Id: ENSG00000127920, Name: G protein subunit gamma 11"
,,ANGPT2,"Id: ENSG00000091879, Name: angiopoietin 2"
,,MMRN1,"Id: ENSG00000138722, Name: multimerin 1"
,,IGFBP7,"Id: ENSG00000163453, Name: insulin like growth factor binding protein 7"
,,PECAM1,"Id: ENSG00000261371, Name: platelet and endothelial cell adhesion molecule 1"
,,ARHGAP29,"Id: ENSG00000137962, Name: Rho GTPase activating protein 29"
,,CLEC14A,"Id: ENSG00000176435, Name: C-type lectin domain containing 14A"
,,SLC9A3R2,"Id: ENSG00000065054, Name: NHERF family PDZ scaffold protein 2"
,,HYAL2,"Id: ENSG00000068001, Name: hyaluronidase 2"
,,CLDN5,"Id: ENSG00000184113, Name: claudin 5"
,,SERPINE1,"Id: ENSG00000106366, Name: serpin family E member 1"
,,LMO2,"Id: ENSG00000135363, Name: LIM domain only 2"
,,COL4A1,"Id: ENSG00000187498, Name: collagen type IV alpha 1 chain"
,,COL4A2,"Id: ENSG00000134871, Name: collagen type IV alpha 2 chain"
,,PRSS23,"Id: ENSG00000150687, Name: serine protease 23"
,,INSR,"Id: ENSG00000171105, Name: insulin receptor"
,,NNMT,"Id: ENSG00000166741, Name: nicotinamide N-methyltransferase"
,,NPDC1,"Id: ENSG00000107281, Name: neural proliferation, differentiation and control 1"
,,DLC1,"Id: ENSG00000164741, Name: DLC1 Rho GTPase activating protein"
,,CALCRL,"Id: ENSG00000064989, Name: calcitonin receptor like receptor"
,,EFEMP1,"Id: ENSG00000115380, Name: EGF containing fibulin extracellular matrix protein 1"
,,PDLIM1,"Id: ENSG00000107438, Name: PDZ and LIM domain 1"
,,PCDH17,"Id: ENSG00000118946, Name: protocadherin 17"
,,CCDC85B,"Id: ENSG00000175602, Name: coiled-coil domain containing 85B"
,,TM4SF18,"Id: ENSG00000163762, Name: transmembrane 4 L six family member 18"
,,CITED4,"Id: ENSG00000179862, Name: Cbp/p300 interacting transactivator with Glu/Asp rich carboxy-terminal domain 4"
,,ADGRL4,"Id: ENSG00000162618, Name: adhesion G protein-coupled receptor L4"
,,DIPK2B,"Id: ENSG00000147113, Name: divergent protein kinase domain 2B"
,,GUK1,"Id: ENSG00000143774, Name: guanylate kinase 1"
,,OSBPL1A,"Id: ENSG00000141447, Name: oxysterol binding protein like 1A"
,,GNAI2,"Id: ENSG00000114353, Name: G protein subunit alpha i2"
,,SPARC,"Id: ENSG00000113140, Name: secreted protein acidic and cysteine rich"
,,SPTBN1,"Id: ENSG00000115306, Name: spectrin beta, non-erythrocytic 1"
,,RAMP3,"Id: ENSG00000122679, Name: receptor activity modifying protein 3"
,,RGS16,"Id: ENSG00000143333, Name: regulator of G protein signaling 16"
,,HLA-E,"Id: ENSG00000204592, Name: major histocompatibility complex, class I, E"
,,CD34,"Id: ENSG00000174059, Name: CD34 molecule"
,,VAMP5,"Id: ENSG00000168899, Name: vesicle associated membrane protein 5"
,,MIDN,"Id: ENSG00000167470, Name: midnolin"
,,VWA1,"Id: ENSG00000179403, Name: von Willebrand factor A domain containing 1"
,,CAVIN2,"Id: ENSG00000168497, Name: caveolae associated protein 2"
,,CDK2AP1,"Id: ENSG00000111328, Name: cyclin dependent kinase 2 associated protein 1"
,,PALMD,"Id: ENSG00000099260, Name: palmdelphin"
,,FAM43A,"Id: ENSG00000185112, Name: family with sequence similarity 43 member A"
,,FLT1,"Id: ENSG00000102755, Name: fms related receptor tyrosine kinase 1"
,,ESAM,"Id: ENSG00000149564, Name: endothelial cell adhesion molecule"
,,EGFL7,"Id: ENSG00000172889, Name: EGF like domain multiple 7"
,,CNKSR3,"Id: ENSG00000153721, Name: CNKSR family member 3"
,,IFITM3,"Id: ENSG00000142089, Name: interferon induced transmembrane protein 3"
,,ACKR1,"Id: ENSG00000213088, Name: atypical chemokine receptor 1 (Duffy blood group)"
,,PTMS,"Id: ENSG00000159335, Name: parathymosin"
,,SELENOW,"Id: ENSG00000178980, Name: selenoprotein W"
,,PNP,"Id: ENSG00000198805, Name: purine nucleoside phosphorylase"
,,SMAD1,"Id: ENSG00000170365, Name: SMAD family member 1"
,,ICAM1,"Id: ENSG00000090339, Name: intercellular adhesion molecule 1"
,,APCDD1,"Id: ENSG00000154856, Name: APC down-regulated 1"
,,JMJD1C,"Id: ENSG00000171988, Name: jumonji domain containing 1C"
,,RGCC,"Id: ENSG00000102760, Name: regulator of cell cycle"
,,SPRY1,"Id: ENSG00000164056, Name: sprouty RTK signaling antagonist 1"
,,TUBA1A,"Id: ENSG00000167552, Name: tubulin alpha 1a"
,,CD93,"Id: ENSG00000125810, Name: CD93 molecule"
,,SERPINH1,"Id: ENSG00000149257, Name: serpin family H member 1"
,,DUSP23,"Id: ENSG00000158716, Name: dual specificity phosphatase 23"
,,LMNA,"Id: ENSG00000160789, Name: lamin A/C"
,,KTN1,"Id: ENSG00000126777, Name: kinectin 1"
,,MLEC,"Id: ENSG00000110917, Name: malectin"
,,FN1,"Id: ENSG00000115414, Name: fibronectin 1"
,,GNAS,"Id: ENSG00000087460, Name: GNAS complex locus"
,,SELE,"Id: ENSG00000007908, Name: selectin E"
,,PTMA,"Id: ENSG00000187514, Name: prothymosin alpha"
,,NFIB,"Id: ENSG00000147862, Name: nuclear factor I B"
,,TFPI,"Id: ENSG00000003436, Name: tissue factor pathway inhibitor"
,,ECE1,"Id: ENSG00000117298, Name: endothelin converting enzyme 1"
myometrial cell - marker genes,CellGuide's computational marker genes for 'myometrial cell' in uterus tissue,TAGLN,"Id: ENSG00000149591, Name: transgelin"
,,TPM2,"Id: ENSG00000198467, Name: tropomyosin 2"
,,MYL9,"Id: ENSG00000101335, Name: myosin light chain 9"
,,C11orf96,"Id: ENSG00000187479, Name: chromosome 11 open reading frame 96"
,,MYH11,"Id: ENSG00000133392, Name: myosin heavy chain 11"
,,ACTA2,"Id: ENSG00000107796, Name: actin alpha 2, smooth muscle"
,,TPM1,"Id: ENSG00000140416, Name: tropomyosin 1"
,,DSTN,"Id: ENSG00000125868, Name: destrin, actin depolymerizing factor"
,,PPP1R14A,"Id: ENSG00000167641, Name: protein phosphatase 1 regulatory inhibitor subunit 14A"
,,SELENOM,"Id: ENSG00000198832, Name: selenoprotein M"
,,CALD1,"Id: ENSG00000122786, Name: caldesmon 1"
,,ADIRF,"Id: ENSG00000148671, Name: adipogenesis regulatory factor"
,,SOD3,"Id: ENSG00000109610, Name: superoxide dismutase 3"
,,CNN1,"Id: ENSG00000130176, Name: calponin 1"
,,CSRP1,"Id: ENSG00000159176, Name: cysteine and glycine rich protein 1"
,,MFGE8,"Id: ENSG00000140545, Name: milk fat globule EGF and factor V/VIII domain containing"
,,FLNA,"Id: ENSG00000196924, Name: filamin A"
,,LPP,"Id: ENSG00000145012, Name: LIM domain containing preferred translocation partner in lipoma"
,,MGP,"Id: ENSG00000111341, Name: matrix Gla protein"
,,GADD45B,"Id: ENSG00000099860, Name: growth arrest and DNA damage inducible beta"
,,MCAM,"Id: ENSG00000076706, Name: melanoma cell adhesion molecule"
,,LMOD1,"Id: ENSG00000163431, Name: leiomodin 1"
,,BGN,"Id: ENSG00000182492, Name: biglycan"
,,ACTG2,"Id: ENSG00000163017, Name: actin gamma 2, smooth muscle"
,,CEBPD,"Id: ENSG00000221869, Name: CCAAT enhancer binding protein delta"
,,IGFBP5,"Id: ENSG00000115461, Name: insulin like growth factor binding protein 5"
,,KLF9,"Id: ENSG00000119138, Name: KLF transcription factor 9"
,,CSRP2,"Id: ENSG00000175183, Name: cysteine and glycine rich protein 2"
,,RRAS,"Id: ENSG00000126458, Name: RAS related"
,,DES,"Id: ENSG00000175084, Name: desmin"
,,HSPB6,"Id: ENSG00000004776, Name: heat shock protein family B (small) member 6"
,,CCDC107,"Id: ENSG00000159884, Name: coiled-coil domain containing 107"
,,PALLD,"Id: ENSG00000129116, Name: palladin, cytoskeletal associated protein"
,,ADAMTS1,"Id: ENSG00000154734, Name: ADAM metallopeptidase with thrombospondin type 1 motif 1"
,,TNS1,"Id: ENSG00000079308, Name: tensin 1"
,,TGFB1I1,"Id: ENSG00000140682, Name: transforming growth factor beta 1 induced transcript 1"
,,CAVIN3,"Id: ENSG00000170955, Name: caveolae associated protein 3"
,,CPE,"Id: ENSG00000109472, Name: carboxypeptidase E"
,,SH3BGRL,"Id: ENSG00000131171, Name: SH3 domain binding glutamate rich protein like"
,,S100A6,"Id: ENSG00000197956, Name: S100 calcium binding protein A6"
,,CRISPLD2,"Id: ENSG00000103196, Name: cysteine rich secretory protein LCCL domain containing 2"
,,MT1A,"Id: ENSG00000205362, Name: metallothionein 1A"
,,COL18A1,"Id: ENSG00000182871, Name: collagen type XVIII alpha 1 chain"
,,PDLIM7,"Id: ENSG00000196923, Name: PDZ and LIM domain 7"
,,ADAMTS4,"Id: ENSG00000158859, Name: ADAM metallopeptidase with thrombospondin type 1 motif 4"
,,GADD45G,"Id: ENSG00000130222, Name: growth arrest and DNA damage inducible gamma"
,,TCEAL4,"Id: ENSG00000133142, Name: transcription elongation factor A like 4"
,,FHL5,"Id: ENSG00000112214, Name: four and a half LIM domains 5"
,,NEXN,"Id: ENSG00000162614, Name: nexilin F-actin binding protein"
,,CD151,"Id: ENSG00000177697, Name: CD151 molecule (Raph blood group)"
,,RBPMS,"Id: ENSG00000157110, Name: RNA binding protein, mRNA processing factor"
,,FHL1,"Id: ENSG00000022267, Name: four and a half LIM domains 1"
,,MYLK,"Id: ENSG00000065534, Name: myosin light chain kinase"
,,CCN5,"Id: ENSG00000064205, Name: cellular communication network factor 5"
,,IGFBP6,"Id: ENSG00000167779, Name: insulin like growth factor binding protein 6"
,,HES4,"Id: ENSG00000188290, Name: hes family bHLH transcription factor 4"
,,ZFHX3,"Id: ENSG00000140836, Name: zinc finger homeobox 3"
,,SORBS2,"Id: ENSG00000154556, Name: sorbin and SH3 domain containing 2"
,,SNCG,"Id: ENSG00000173267, Name: synuclein gamma"
,,VIM,"Id: ENSG00000026025, Name: vimentin"
,,IER3,"Id: ENSG00000137331, Name: immediate early response 3"
,,COL4A2,"Id: ENSG00000134871, Name: collagen type IV alpha 2 chain"
,,ACTN1,"Id: ENSG00000072110, Name: actinin alpha 1"
,,BCL6,"Id: ENSG00000113916, Name: BCL6 transcription repressor"
mature NK T cell - marker genes,CellGuide's computational marker genes for 'mature NK T cell' in uterus tissue,GNLY,"Id: ENSG00000115523, Name: granulysin"
,,NKG7,"Id: ENSG00000105374, Name: natural killer cell granule protein 7"
,,CD7,"Id: ENSG00000173762, Name: CD7 molecule"
,,CTSW,"Id: ENSG00000172543, Name: cathepsin W"
,,TSC22D3,"Id: ENSG00000157514, Name: TSC22 domain family member 3"
,,PRF1,"Id: ENSG00000180644, Name: perforin 1"
,,KLRC1,"Id: ENSG00000134545, Name: killer cell lectin like receptor C1"
,,ADGRE5,"Id: ENSG00000123146, Name: adhesion G protein-coupled receptor E5"
,,TNFRSF18,"Id: ENSG00000186891, Name: TNF receptor superfamily member 18"
,,GZMA,"Id: ENSG00000145649, Name: granzyme A"
,,SYTL3,"Id: ENSG00000164674, Name: synaptotagmin like 3"
,,RUNX3,"Id: ENSG00000020633, Name: RUNX family transcription factor 3"
,,TGFB1,"Id: ENSG00000105329, Name: transforming growth factor beta 1"
,,GNPTAB,"Id: ENSG00000111670, Name: N-acetylglucosamine-1-phosphate transferase subunits alpha and beta"
,,IL2RB,"Id: ENSG00000100385, Name: interleukin 2 receptor subunit beta"
,,PTPRC,"Id: ENSG00000081237, Name: protein tyrosine phosphatase receptor type C"
,,CST7,"Id: ENSG00000077984, Name: cystatin F"
,,AREG,"Id: ENSG00000109321, Name: amphiregulin"
,,KLRD1,"Id: ENSG00000134539, Name: killer cell lectin like receptor D1"
,,COTL1,"Id: ENSG00000103187, Name: coactosin like F-actin binding protein 1"
,,AKNA,"Id: ENSG00000106948, Name: AT-hook transcription factor"
,,HCST,"Id: ENSG00000126264, Name: hematopoietic cell signal transducer"
,,PIK3R1,"Id: ENSG00000145675, Name: phosphoinositide-3-kinase regulatory subunit 1"
,,EVL,"Id: ENSG00000196405, Name: Enah/Vasp-like"
,,TMIGD2,"Id: ENSG00000167664, Name: transmembrane and immunoglobulin domain containing 2"
,,H4C3,"Id: ENSG00000197061, Name: H4 clustered histone 3"
,,CORO1A,"Id: ENSG00000102879, Name: coronin 1A"
,,LINC-PINT,"Id: ENSG00000231721, Name: long intergenic non-protein coding RNA, p53 induced transcript"
,,SMAP2,"Id: ENSG00000084070, Name: small ArfGAP2"
,,ZFP36L2,"Id: ENSG00000152518, Name: ZFP36 ring finger protein like 2"
,,PGK1,"Id: ENSG00000102144, Name: phosphoglycerate kinase 1"
,,MBNL1,"Id: ENSG00000152601, Name: muscleblind like splicing regulator 1"
,,LSP1,"Id: ENSG00000130592, Name: lymphocyte specific protein 1"
,,ITGAX,"Id: ENSG00000140678, Name: integrin subunit alpha X"
,,METRNL,"Id: ENSG00000176845, Name: meteorin like, glial cell differentiation regulator"
,,EIF3G,"Id: ENSG00000130811, Name: eukaryotic translation initiation factor 3 subunit G"
,,SLC38A1,"Id: ENSG00000111371, Name: solute carrier family 38 member 1"
,,HLA-A,"Id: ENSG00000206503, Name: major histocompatibility complex, class I, A"
,,REL,"Id: ENSG00000162924, Name: REL proto-oncogene, NF-kB subunit"
,,SYAP1,"Id: ENSG00000169895, Name: synapse associated protein 1"
,,MTCO1P12,"Id: ENSG00000237973, Name: MT-CO1 pseudogene 12"
,,JUND,"Id: ENSG00000130522, Name: JunD proto-oncogene, AP-1 transcription factor subunit"
,,CXCR4,"Id: ENSG00000121966, Name: C-X-C motif chemokine receptor 4"
,,H1-10,"Id: ENSG00000184897, Name: H1.10 linker histone"
,,TYROBP,"Id: ENSG00000011600, Name: transmembrane immune signaling adaptor TYROBP"
,,HLA-C,"Id: ENSG00000204525, Name: major histocompatibility complex, class I, C"
,,ARHGDIB,"Id: ENSG00000111348, Name: Rho GDP dissociation inhibitor beta"
vascular associated smooth muscle cell - marker genes,CellGuide's computational marker genes for 'vascular associated smooth muscle cell' in uterus tissue,TAGLN,"Id: ENSG00000149591, Name: transgelin"
,,TPM2,"Id: ENSG00000198467, Name: tropomyosin 2"
,,C11orf96,"Id: ENSG00000187479, Name: chromosome 11 open reading frame 96"
,,ADIRF,"Id: ENSG00000148671, Name: adipogenesis regulatory factor"
,,MYL9,"Id: ENSG00000101335, Name: myosin light chain 9"
,,MYH11,"Id: ENSG00000133392, Name: myosin heavy chain 11"
,,SOD3,"Id: ENSG00000109610, Name: superoxide dismutase 3"
,,BGN,"Id: ENSG00000182492, Name: biglycan"
,,MFGE8,"Id: ENSG00000140545, Name: milk fat globule EGF and factor V/VIII domain containing"
,,MCAM,"Id: ENSG00000076706, Name: melanoma cell adhesion molecule"
,,ACTA2,"Id: ENSG00000107796, Name: actin alpha 2, smooth muscle"
,,DSTN,"Id: ENSG00000125868, Name: destrin, actin depolymerizing factor"
,,PPP1R14A,"Id: ENSG00000167641, Name: protein phosphatase 1 regulatory inhibitor subunit 14A"
,,CSRP2,"Id: ENSG00000175183, Name: cysteine and glycine rich protein 2"
,,MT1A,"Id: ENSG00000205362, Name: metallothionein 1A"
,,TPM1,"Id: ENSG00000140416, Name: tropomyosin 1"
,,GADD45B,"Id: ENSG00000099860, Name: growth arrest and DNA damage inducible beta"
,,FLNA,"Id: ENSG00000196924, Name: filamin A"
,,ADAMTS4,"Id: ENSG00000158859, Name: ADAM metallopeptidase with thrombospondin type 1 motif 4"
,,CEBPD,"Id: ENSG00000221869, Name: CCAAT enhancer binding protein delta"
,,SELENOM,"Id: ENSG00000198832, Name: selenoprotein M"
,,KLF9,"Id: ENSG00000119138, Name: KLF transcription factor 9"
,,ADAMTS1,"Id: ENSG00000154734, Name: ADAM metallopeptidase with thrombospondin type 1 motif 1"
,,COL18A1,"Id: ENSG00000182871, Name: collagen type XVIII alpha 1 chain"
,,SORBS2,"Id: ENSG00000154556, Name: sorbin and SH3 domain containing 2"
,,CALD1,"Id: ENSG00000122786, Name: caldesmon 1"
,,LMOD1,"Id: ENSG00000163431, Name: leiomodin 1"
,,GJA4,"Id: ENSG00000187513, Name: gap junction protein alpha 4"
,,MT1X,"Id: ENSG00000187193, Name: metallothionein 1X"
,,CRISPLD2,"Id: ENSG00000103196, Name: cysteine rich secretory protein LCCL domain containing 2"
,,IGFBP5,"Id: ENSG00000115461, Name: insulin like growth factor binding protein 5"
,,RERGL,"Id: ENSG00000111404, Name: RERG like"
,,CAVIN3,"Id: ENSG00000170955, Name: caveolae associated protein 3"
,,HES4,"Id: ENSG00000188290, Name: hes family bHLH transcription factor 4"
,,CPE,"Id: ENSG00000109472, Name: carboxypeptidase E"
,,LPP,"Id: ENSG00000145012, Name: LIM domain containing preferred translocation partner in lipoma"
,,CCDC107,"Id: ENSG00000159884, Name: coiled-coil domain containing 107"
,,RRAS,"Id: ENSG00000126458, Name: RAS related"
,,IGFBP6,"Id: ENSG00000167779, Name: insulin like growth factor binding protein 6"
,,MGP,"Id: ENSG00000111341, Name: matrix Gla protein"
,,VIM,"Id: ENSG00000026025, Name: vimentin"
,,ZFHX3,"Id: ENSG00000140836, Name: zinc finger homeobox 3"
,,S100A6,"Id: ENSG00000197956, Name: S100 calcium binding protein A6"
,,H2AJ,"Id: ENSG00000246705, Name: H2A.J histone"
,,TNS1,"Id: ENSG00000079308, Name: tensin 1"
,,S100A4,"Id: ENSG00000196154, Name: S100 calcium binding protein A4"
,,CNN1,"Id: ENSG00000130176, Name: calponin 1"
,,FHL5,"Id: ENSG00000112214, Name: four and a half LIM domains 5"
,,CSRP1,"Id: ENSG00000159176, Name: cysteine and glycine rich protein 1"
,,YBX3,"Id: ENSG00000060138, Name: Y-box binding protein 3"
,,CD151,"Id: ENSG00000177697, Name: CD151 molecule (Raph blood group)"
,,MT1M,"Id: ENSG00000205364, Name: metallothionein 1M"
,,INHBA,"Id: ENSG00000122641, Name: inhibin subunit beta A"
,,SH3BGRL,"Id: ENSG00000131171, Name: SH3 domain binding glutamate rich protein like"
,,NFIL3,"Id: ENSG00000165030, Name: nuclear factor, interleukin 3 regulated"
,,BCAM,"Id: ENSG00000187244, Name: basal cell adhesion molecule (Lutheran blood group)"
,,NOTCH3,"Id: ENSG00000074181, Name: notch receptor 3"
,,TGFB1I1,"Id: ENSG00000140682, Name: transforming growth factor beta 1 induced transcript 1"
,,C12orf75,"Id: ENSG00000235162, Name: chromosome 12 open reading frame 75"
,,PDGFA,"Id: ENSG00000197461, Name: platelet derived growth factor subunit A"
,,SNCG,"Id: ENSG00000173267, Name: synuclein gamma"
,,PNRC1,"Id: ENSG00000146278, Name: proline rich nuclear receptor coactivator 1"
,,RBPMS,"Id: ENSG00000157110, Name: RNA binding protein, mRNA processing factor"
,,HSPB6,"Id: ENSG00000004776, Name: heat shock protein family B (small) member 6"
,,CDKN1A,"Id: ENSG00000124762, Name: cyclin dependent kinase inhibitor 1A"
,,ECRG4,"Id: ENSG00000119147, Name: ECRG4 augurin precursor"
,,MAP1B,"Id: ENSG00000131711, Name: microtubule associated protein 1B"
,,FHL1,"Id: ENSG00000022267, Name: four and a half LIM domains 1"
,,C1QTNF1,"Id: ENSG00000173918, Name: C1q and TNF related 1"
,,TIMP3,"Id: ENSG00000100234, Name: TIMP metallopeptidase inhibitor 3"
,,NEXN,"Id: ENSG00000162614, Name: nexilin F-actin binding protein"
,,CCN5,"Id: ENSG00000064205, Name: cellular communication network factor 5"
,,SLC7A2,"Id: ENSG00000003989, Name: solute carrier family 7 member 2"
,,PALLD,"Id: ENSG00000129116, Name: palladin, cytoskeletal associated protein"
,,LDOC1,"Id: ENSG00000182195, Name: LDOC1 regulator of NFKB signaling"
smooth muscle cell - marker genes,CellGuide's computational marker genes for 'smooth muscle cell' in uterus tissue,TAGLN,"Id: ENSG00000149591, Name: transgelin"
,,ACTA2,"Id: ENSG00000107796, Name: actin alpha 2, smooth muscle"
,,MYL9,"Id: ENSG00000101335, Name: myosin light chain 9"
,,TPM2,"Id: ENSG00000198467, Name: tropomyosin 2"
,,MYLK,"Id: ENSG00000065534, Name: myosin light chain kinase"
,,CNN1,"Id: ENSG00000130176, Name: calponin 1"
,,MYH11,"Id: ENSG00000133392, Name: myosin heavy chain 11"
,,ACTG2,"Id: ENSG00000163017, Name: actin gamma 2, smooth muscle"
,,DES,"Id: ENSG00000175084, Name: desmin"
,,TPM1,"Id: ENSG00000140416, Name: tropomyosin 1"
,,RAMP1,"Id: ENSG00000132329, Name: receptor activity modifying protein 1"
,,TCEAL4,"Id: ENSG00000133142, Name: transcription elongation factor A like 4"
,,LPP,"Id: ENSG00000145012, Name: LIM domain containing preferred translocation partner in lipoma"
,,SELENOM,"Id: ENSG00000198832, Name: selenoprotein M"
,,CALD1,"Id: ENSG00000122786, Name: caldesmon 1"
,,CSRP1,"Id: ENSG00000159176, Name: cysteine and glycine rich protein 1"
,,PDLIM7,"Id: ENSG00000196923, Name: PDZ and LIM domain 7"
,,DSTN,"Id: ENSG00000125868, Name: destrin, actin depolymerizing factor"
,,IGFBP5,"Id: ENSG00000115461, Name: insulin like growth factor binding protein 5"
,,PALLD,"Id: ENSG00000129116, Name: palladin, cytoskeletal associated protein"
,,TCEAL3,"Id: ENSG00000196507, Name: transcription elongation factor A like 3"
,,PDLIM3,"Id: ENSG00000154553, Name: PDZ and LIM domain 3"
,,TGFB1I1,"Id: ENSG00000140682, Name: transforming growth factor beta 1 induced transcript 1"
,,SMTN,"Id: ENSG00000183963, Name: smoothelin"
,,NEXN,"Id: ENSG00000162614, Name: nexilin F-actin binding protein"
,,PPP1R12B,"Id: ENSG00000077157, Name: protein phosphatase 1 regulatory subunit 12B"
,,LEFTY2,"Id: ENSG00000143768, Name: left-right determination factor 2"
,,KCNMB1,"Id: ENSG00000145936, Name: potassium calcium-activated channel subfamily M regulatory beta subunit 1"
,,LMOD1,"Id: ENSG00000163431, Name: leiomodin 1"
,,SYNPO2,"Id: ENSG00000172403, Name: synaptopodin 2"
,,LGALS1,"Id: ENSG00000100097, Name: galectin 1"
,,SVIL,"Id: ENSG00000197321, Name: supervillin"
,,EMX2,"Id: ENSG00000170370, Name: empty spiracles homeobox 2"
,,TCEAL1,"Id: ENSG00000172465, Name: transcription elongation factor A like 1"
,,PBX1,"Id: ENSG00000185630, Name: PBX homeobox 1"
,,SH3BGRL,"Id: ENSG00000131171, Name: SH3 domain binding glutamate rich protein like"
,,GADD45G,"Id: ENSG00000130222, Name: growth arrest and DNA damage inducible gamma"
,,FXYD1,"Id: ENSG00000266964, Name: FXYD domain containing ion transport regulator 1"
,,HSPB1,"Id: ENSG00000106211, Name: heat shock protein family B (small) member 1"
,,HSPB6,"Id: ENSG00000004776, Name: heat shock protein family B (small) member 6"
,,ILK,"Id: ENSG00000166333, Name: integrin linked kinase"
stromal cell - marker genes,CellGuide's computational marker genes for 'stromal cell' in uterus tissue,COL3A1,"Id: ENSG00000168542, Name: collagen type III alpha 1 chain"
,,COL1A1,"Id: ENSG00000108821, Name: collagen type I alpha 1 chain"
,,RBP1,"Id: ENSG00000114115, Name: retinol binding protein 1"
,,IGFBP2,"Id: ENSG00000115457, Name: insulin like growth factor binding protein 2"
,,IGF1,"Id: ENSG00000017427, Name: insulin like growth factor 1"
,,PCOLCE,"Id: ENSG00000106333, Name: procollagen C-endopeptidase enhancer"
,,DCN,"Id: ENSG00000011465, Name: decorin"
,,FBLN1,"Id: ENSG00000077942, Name: fibulin 1"
,,LUM,"Id: ENSG00000139329, Name: lumican"
,,PTGDS,"Id: ENSG00000107317, Name: prostaglandin D2 synthase"
,,PPIB,"Id: ENSG00000166794, Name: peptidylprolyl isomerase B"
,,COL1A2,"Id: ENSG00000164692, Name: collagen type I alpha 2 chain"
,,MDK,"Id: ENSG00000110492, Name: midkine"
,,C1R,"Id: ENSG00000159403, Name: complement C1r"
,,APCDD1,"Id: ENSG00000154856, Name: APC down-regulated 1"
,,SPARC,"Id: ENSG00000113140, Name: secreted protein acidic and cysteine rich"
,,VCAN,"Id: ENSG00000038427, Name: versican"
,,SERPINF1,"Id: ENSG00000132386, Name: serpin family F member 1"
,,APOE,"Id: ENSG00000130203, Name: apolipoprotein E"
,,COL6A1,"Id: ENSG00000142156, Name: collagen type VI alpha 1 chain"
,,IGF2,"Id: ENSG00000167244, Name: insulin like growth factor 2"
,,ISLR,"Id: ENSG00000129009, Name: immunoglobulin superfamily containing leucine rich repeat"
,,PTN,"Id: ENSG00000105894, Name: pleiotrophin"
,,KCNQ1OT1,"Id: ENSG00000269821, Name: KCNQ1 opposite strand/antisense transcript 1"
,,PDGFRA,"Id: ENSG00000134853, Name: platelet derived growth factor receptor alpha"
,,RP11-84E17.1,"Id: ENSG00000279483, Name: RP11-84E17.1"
,,NR2F2,"Id: ENSG00000185551, Name: nuclear receptor subfamily 2 group F member 2"
,,NACA,"Id: ENSG00000196531, Name: nascent polypeptide associated complex subunit alpha"
,,RORB,"Id: ENSG00000198963, Name: RAR related orphan receptor B"
,,CFD,"Id: ENSG00000197766, Name: complement factor D"
,,LMO4,"Id: ENSG00000143013, Name: LIM domain only 4"
,,C1S,"Id: ENSG00000182326, Name: complement C1s"
,,MME,"Id: ENSG00000196549, Name: membrane metalloendopeptidase"
,,NAP1L1,"Id: ENSG00000187109, Name: nucleosome assembly protein 1 like 1"
,,MZT2B,"Id: ENSG00000152082, Name: mitotic spindle organizing protein 2B"
,,CPXM1,"Id: ENSG00000088882, Name: carboxypeptidase X, M14 family member 1"
,,SFRP4,"Id: ENSG00000106483, Name: secreted frizzled related protein 4"
,,LRPAP1,"Id: ENSG00000163956, Name: LDL receptor related protein associated protein 1"
,,IGFBP4,"Id: ENSG00000141753, Name: insulin like growth factor binding protein 4"
,,COL6A2,"Id: ENSG00000142173, Name: collagen type VI alpha 2 chain"
,,OSTC,"Id: ENSG00000198856, Name: oligosaccharyltransferase complex non-catalytic subunit"
,,NID1,"Id: ENSG00000116962, Name: nidogen 1"
,,ALDH1A1,"Id: ENSG00000165092, Name: aldehyde dehydrogenase 1 family member A1"
,,REV3L,"Id: ENSG00000009413, Name: REV3 like, DNA directed polymerase zeta catalytic subunit"
,,SSR2,"Id: ENSG00000163479, Name: signal sequence receptor subunit 2"
,,CD248,"Id: ENSG00000174807, Name: CD248 molecule"
,,NPW,"Id: ENSG00000183971, Name: neuropeptide W"
stratified epithelial cell - marker genes,CellGuide's computational marker genes for 'stratified epithelial cell' in uterus tissue,WFDC2,"Id: ENSG00000101443, Name: WAP four-disulfide core domain 2"
,,SLPI,"Id: ENSG00000124107, Name: secretory leukocyte peptidase inhibitor"
,,TFF3,"Id: ENSG00000160180, Name: trefoil factor 3"
,,PIGR,"Id: ENSG00000162896, Name: polymeric immunoglobulin receptor"
,,CXCL1,"Id: ENSG00000163739, Name: C-X-C motif chemokine ligand 1"
,,SAA1,"Id: ENSG00000173432, Name: serum amyloid A1"
,,AGR2,"Id: ENSG00000106541, Name: anterior gradient 2, protein disulphide isomerase family member"
,,CD55,"Id: ENSG00000196352, Name: CD55 molecule (Cromer blood group)"
,,LCN2,"Id: ENSG00000148346, Name: lipocalin 2"
,,SCGB3A1,"Id: ENSG00000161055, Name: secretoglobin family 3A member 1"
,,FCGBP,"Id: ENSG00000275395, Name: Fc gamma binding protein"
,,MUC5B,"Id: ENSG00000117983, Name: mucin 5B, oligomeric mucus/gel-forming"
,,LTF,"Id: ENSG00000012223, Name: lactotransferrin"
,,PTGS2,"Id: ENSG00000073756, Name: prostaglandin-endoperoxide synthase 2"
,,S100A6,"Id: ENSG00000197956, Name: S100 calcium binding protein A6"
,,BPIFB1,"Id: ENSG00000125999, Name: BPI fold containing family B member 1"
,,PAM,"Id: ENSG00000145730, Name: peptidylglycine alpha-amidating monooxygenase"
,,CSF3,"Id: ENSG00000108342, Name: colony stimulating factor 3"
,,SAA2,"Id: ENSG00000134339, Name: serum amyloid A2"
,,CXCL3,"Id: ENSG00000163734, Name: C-X-C motif chemokine ligand 3"
,,S100A2,"Id: ENSG00000196754, Name: S100 calcium binding protein A2"
,,HMOX1,"Id: ENSG00000100292, Name: heme oxygenase 1"
,,CXCL2,"Id: ENSG00000081041, Name: C-X-C motif chemokine ligand 2"
,,C3_ENSG00000125730,"Id: ENSG00000125730, Name: complement C3"
,,TFF1,"Id: ENSG00000160182, Name: trefoil factor 1"
,,KRT23,"Id: ENSG00000108244, Name: keratin 23"
,,TOB1,"Id: ENSG00000141232, Name: transducer of ERBB2, 1"
,,GDF15,"Id: ENSG00000130513, Name: growth differentiation factor 15"
,,S100P,"Id: ENSG00000163993, Name: S100 calcium binding protein P"
,,EMP2,"Id: ENSG00000213853, Name: epithelial membrane protein 2"
,,MUC1,"Id: ENSG00000185499, Name: mucin 1, cell surface associated"
,,STC2,"Id: ENSG00000113739, Name: stanniocalcin 2"
,,WFDC21P,"Id: ENSG00000261040, Name: WAP four-disulfide core domain 21, pseudogene"
,,RBM47,"Id: ENSG00000163694, Name: RNA binding motif protein 47"
,,KLF4,"Id: ENSG00000136826, Name: KLF transcription factor 4"
,,KRT17,"Id: ENSG00000128422, Name: keratin 17"
,,CCNA1,"Id: ENSG00000133101, Name: cyclin A1"
,,SMOX,"Id: ENSG00000088826, Name: spermine oxidase"
,,SLC30A1,"Id: ENSG00000170385, Name: solute carrier family 30 member 1"
,,GLRX,"Id: ENSG00000173221, Name: glutaredoxin"
basal cell - marker genes,CellGuide's computational marker genes for 'basal cell' in uterus tissue,S100A2,"Id: ENSG00000196754, Name: S100 calcium binding protein A2"
,,KRT5,"Id: ENSG00000186081, Name: keratin 5"
,,KRT6A,"Id: ENSG00000205420, Name: keratin 6A"
,,SERPINB5,"Id: ENSG00000206075, Name: serpin family B member 5"
,,GJB2,"Id: ENSG00000165474, Name: gap junction protein beta 2"
,,EMP1,"Id: ENSG00000134531, Name: epithelial membrane protein 1"
,,KRT17,"Id: ENSG00000128422, Name: keratin 17"
,,DSG3,"Id: ENSG00000134757, Name: desmoglein 3"
,,FGFBP1,"Id: ENSG00000137440, Name: fibroblast growth factor binding protein 1"
,,PLAU,"Id: ENSG00000122861, Name: plasminogen activator, urokinase"
,,SERPINB2,"Id: ENSG00000197632, Name: serpin family B member 2"
,,IRF6,"Id: ENSG00000117595, Name: interferon regulatory factor 6"
,,KRT14,"Id: ENSG00000186847, Name: keratin 14"
,,TACSTD2,"Id: ENSG00000184292, Name: tumor associated calcium signal transducer 2"
,,PRNP,"Id: ENSG00000171867, Name: prion protein"
,,S100A14,"Id: ENSG00000189334, Name: S100 calcium binding protein A14"
,,KRT13,"Id: ENSG00000171401, Name: keratin 13"
,,KRT16,"Id: ENSG00000186832, Name: keratin 16"
,,S100A16,"Id: ENSG00000188643, Name: S100 calcium binding protein A16"
,,NDRG1,"Id: ENSG00000104419, Name: N-myc downstream regulated 1"
,,MIR205HG,"Id: ENSG00000230937, Name: MIR205 host gene"
,,TRIM29,"Id: ENSG00000137699, Name: tripartite motif containing 29"
,,TUBA1C,"Id: ENSG00000167553, Name: tubulin alpha 1c"
,,DSP,"Id: ENSG00000096696, Name: desmoplakin"
,,CLDN1,"Id: ENSG00000163347, Name: claudin 1"
,,SPRR1B,"Id: ENSG00000169469, Name: small proline rich protein 1B"
,,FOSL1,"Id: ENSG00000175592, Name: FOS like 1, AP-1 transcription factor subunit"
,,LGALS7,"Id: ENSG00000205076, Name: galectin 7"
,,IL1RN,"Id: ENSG00000136689, Name: interleukin 1 receptor antagonist"
,,DSC3,"Id: ENSG00000134762, Name: desmocollin 3"
,,CSTA,"Id: ENSG00000121552, Name: cystatin A"
,,CRABP2,"Id: ENSG00000143320, Name: cellular retinoic acid binding protein 2"
,,TNC,"Id: ENSG00000041982, Name: tenascin C"
,,MYO1B,"Id: ENSG00000128641, Name: myosin IB"
,,F3_ENSG00000117525,"Id: ENSG00000117525, Name: coagulation factor III, tissue factor"
,,DSC2,"Id: ENSG00000134755, Name: desmocollin 2"
,,LYPD3,"Id: ENSG00000124466, Name: LY6/PLAUR domain containing 3"
,,HBEGF,"Id: ENSG00000113070, Name: heparin binding EGF like growth factor"
,,LY6D,"Id: ENSG00000167656, Name: lymphocyte antigen 6 family member D"
,,SOX9,"Id: ENSG00000125398, Name: SRY-box transcription factor 9"
,,IL36G,"Id: ENSG00000136688, Name: interleukin 36 gamma"
,,IL1R2,"Id: ENSG00000115590, Name: interleukin 1 receptor type 2"
,,ERRFI1,"Id: ENSG00000116285, Name: ERBB receptor feedback inhibitor 1"
,,APOBEC3A,"Id: ENSG00000128383, Name: apolipoprotein B mRNA editing enzyme catalytic subunit 3A"
,,TMCC3,"Id: ENSG00000057704, Name: transmembrane and coiled-coil domain family 3"
,,PHLDA2,"Id: ENSG00000181649, Name: pleckstrin homology like domain family A member 2"
,,CDCP1,"Id: ENSG00000163814, Name: CUB domain containing protein 1"
,,FAM110C,"Id: ENSG00000184731, Name: family with sequence similarity 110 member C"
,,KRT6B,"Id: ENSG00000185479, Name: keratin 6B"
,,COL17A1,"Id: ENSG00000065618, Name: collagen type XVII alpha 1 chain"
,,IGFBP3,"Id: ENSG00000146674, Name: insulin like growth factor binding protein 3"
,,KRT15,"Id: ENSG00000171346, Name: keratin 15"
,,GINS3,"Id: ENSG00000181938, Name: GINS complex subunit 3"
,,SDC4,"Id: ENSG00000124145, Name: syndecan 4"
,,ACTG1,"Id: ENSG00000184009, Name: actin gamma 1"
,,KLHL21,"Id: ENSG00000162413, Name: kelch like family member 21"
,,EGR3,"Id: ENSG00000179388, Name: early growth response 3"
,,TUBB2A,"Id: ENSG00000137267, Name: tubulin beta 2A class IIa"
,,MAP7D1,"Id: ENSG00000116871, Name: MAP7 domain containing 1"
,,JUP,"Id: ENSG00000173801, Name: junction plakoglobin"
,,CXCL1,"Id: ENSG00000163739, Name: C-X-C motif chemokine ligand 1"
kidney loop of Henle epithelial cell - marker genes,CellGuide's computational marker genes for 'kidney loop of Henle epithelial cell' in uterus tissue,PAEP,"Id: ENSG00000122133, Name: progestagen associated endometrial protein"
,,DEFB1,"Id: ENSG00000164825, Name: defensin beta 1"
,,TFPI2,"Id: ENSG00000105825, Name: tissue factor pathway inhibitor 2"
,,ITGB8,"Id: ENSG00000105855, Name: integrin subunit beta 8"
,,TCIM,"Id: ENSG00000176907, Name: transcriptional and immune response regulator"
,,SAT1,"Id: ENSG00000130066, Name: spermidine/spermine N1-acetyltransferase 1"
,,LAMC2,"Id: ENSG00000058085, Name: laminin subunit gamma 2"
,,MMP7,"Id: ENSG00000137673, Name: matrix metallopeptidase 7"
,,BIRC3,"Id: ENSG00000023445, Name: baculoviral IAP repeat containing 3"
,,CD9,"Id: ENSG00000010278, Name: CD9 molecule"
,,ANXA2,"Id: ENSG00000182718, Name: annexin A2"
,,GABRP,"Id: ENSG00000094755, Name: gamma-aminobutyric acid type A receptor subunit pi"
,,USP53,"Id: ENSG00000145390, Name: ubiquitin specific peptidase 53"
,,HMGA1,"Id: ENSG00000137309, Name: high mobility group AT-hook 1"
,,KRT19,"Id: ENSG00000171345, Name: keratin 19"
,,SGMS2,"Id: ENSG00000164023, Name: sphingomyelin synthase 2"
,,S100A10,"Id: ENSG00000197747, Name: S100 calcium binding protein A10"
,,MGLL,"Id: ENSG00000074416, Name: monoglyceride lipase"
,,F2RL1,"Id: ENSG00000164251, Name: F2R like trypsin receptor 1"
,,VNN1,"Id: ENSG00000112299, Name: vanin 1"
,,F11R,"Id: ENSG00000158769, Name: F11 receptor"
,,NCEH1,"Id: ENSG00000144959, Name: neutral cholesterol ester hydrolase 1"
,,CALM2,"Id: ENSG00000143933, Name: calmodulin 2"
,,KRT8,"Id: ENSG00000170421, Name: keratin 8"
,,RETREG1,"Id: ENSG00000154153, Name: reticulophagy regulator 1"
,,GPX3,"Id: ENSG00000211445, Name: glutathione peroxidase 3"
,,CXCL14,"Id: ENSG00000145824, Name: C-X-C motif chemokine ligand 14"
,,CCND1,"Id: ENSG00000110092, Name: cyclin D1"
,,ISG20,"Id: ENSG00000172183, Name: interferon stimulated exonuclease gene 20"
,,ITGA2,"Id: ENSG00000164171, Name: integrin subunit alpha 2"
,,KRT18,"Id: ENSG00000111057, Name: keratin 18"
,,DUSP14,"Id: ENSG00000276023, Name: dual specificity phosphatase 14"
,,RIMKLB,"Id: ENSG00000166532, Name: ribosomal modification protein rimK like family member B"
,,SNU13,"Id: ENSG00000100138, Name: small nuclear ribonucleoprotein 13"
,,CST1,"Id: ENSG00000170373, Name: cystatin SN"
,,NUTF2,"Id: ENSG00000102898, Name: nuclear transport factor 2"
,,LAMP2,"Id: ENSG00000005893, Name: lysosomal associated membrane protein 2"
,,CYSTM1,"Id: ENSG00000120306, Name: cysteine rich transmembrane module containing 1"
,,S100A11,"Id: ENSG00000163191, Name: S100 calcium binding protein A11"
,,ZC3H15,"Id: ENSG00000065548, Name: zinc finger CCCH-type containing 15"
,,MIR4435-2HG,"Id: ENSG00000172965, Name: MIR4435-2 host gene"
,,SPTSSA,"Id: ENSG00000165389, Name: serine palmitoyltransferase small subunit A"
,,CYP3A5,"Id: ENSG00000106258, Name: cytochrome P450 family 3 subfamily A member 5"
,,NT5E,"Id: ENSG00000135318, Name: 5'-nucleotidase ecto"
,,TSPAN1,"Id: ENSG00000117472, Name: tetraspanin 1"
,,MPZL2,"Id: ENSG00000149573, Name: myelin protein zero like 2"
,,ASPH,"Id: ENSG00000198363, Name: aspartate beta-hydroxylase"
,,DPH3,"Id: ENSG00000154813, Name: diphthamide biosynthesis 3"
,,EZR,"Id: ENSG00000092820, Name: ezrin"
,,TM4SF1,"Id: ENSG00000169908, Name: transmembrane 4 L six family member 1"
,,ARF4,"Id: ENSG00000168374, Name: ADP ribosylation factor 4"
,,SCGB2A1,"Id: ENSG00000124939, Name: secretoglobin family 2A member 1"
,,VMP1,"Id: ENSG00000062716, Name: vacuole membrane protein 1"
,,RALA,"Id: ENSG00000006451, Name: RAS like proto-oncogene A"
,,NIFK,"Id: ENSG00000155438, Name: nucleolar protein interacting with the FHA domain of MKI67"
,,TNFRSF12A,"Id: ENSG00000006327, Name: TNF receptor superfamily member 12A"
,,BCL10,"Id: ENSG00000142867, Name: BCL10 immune signaling adaptor"
,,CAPZA2,"Id: ENSG00000198898, Name: capping actin protein of muscle Z-line subunit alpha 2"
,,RIPK2,"Id: ENSG00000104312, Name: receptor interacting serine/threonine kinase 2"
,,ST3GAL1,"Id: ENSG00000008513, Name: ST3 beta-galactoside alpha-2,3-sialyltransferase 1"
,,B4GALT5,"Id: ENSG00000158470, Name: beta-1,4-galactosyltransferase 5"
,,SNRPG,"Id: ENSG00000143977, Name: small nuclear ribonucleoprotein polypeptide G"
,,MYL12A,"Id: ENSG00000101608, Name: myosin light chain 12A"
,,NOP10,"Id: ENSG00000182117, Name: NOP10 ribonucleoprotein"
,,DYNLT3,"Id: ENSG00000165169, Name: dynein light chain Tctex-type 3"
,,CD55,"Id: ENSG00000196352, Name: CD55 molecule (Cromer blood group)"
,,SNRPD1,"Id: ENSG00000167088, Name: small nuclear ribonucleoprotein D1 polypeptide"
,,ANXA3,"Id: ENSG00000138772, Name: annexin A3"
,,RPF2,"Id: ENSG00000197498, Name: ribosome production factor 2 homolog"